;Cluster;Wochentag;Ankunftszeit;Nummer;Pausentyp;Kapazitaet;Max_Leistung;SOC;Pausenlaenge;Lades√§ule;Zeit_DateTime;Ankunftszeit_total;LoadStatus
260;2;1;10;1;Nachtlader;840;1000;0,1574076266349825;540;NCS;2021-01-01 00:10:00;10;1
261;2;1;40;2;Nachtlader;960;1000;0,1044247103057994;540;NCS;2021-01-01 00:40:00;40;1
262;2;1;50;3;Nachtlader;960;1000;0,2651633501129525;540;NCS;2021-01-01 00:50:00;50;1
323;2;1;920;64;Nachtlader;960;1000;0,4126413828097537;540;NCS;2021-01-01 15:20:00;920;1
325;2;1;935;66;Nachtlader;840;1000;0,2822366403899622;540;NCS;2021-01-01 15:35:00;935;1
328;2;1;950;69;Nachtlader;840;1000;0,3156906426141397;540;NCS;2021-01-01 15:50:00;950;1
330;2;1;955;71;Nachtlader;960;1000;0,3161161551569856;540;NCS;2021-01-01 15:55:00;955;1
337;2;1;985;78;Nachtlader;960;1000;0,3764055805004056;540;NCS;2021-01-01 16:25:00;985;1
343;2;1;1030;84;Nachtlader;960;1000;0,3877741518397857;540;NCS;2021-01-01 17:10:00;1030;1
344;2;1;1040;85;Nachtlader;960;1000;0,4070337252273953;540;NCS;2021-01-01 17:20:00;1040;1
345;2;1;1040;86;Nachtlader;960;1000;0,2880484037805317;540;NCS;2021-01-01 17:20:00;1040;1
348;2;1;1070;89;Nachtlader;720;1000;0,2376876524288509;540;NCS;2021-01-01 17:50:00;1070;1
349;2;1;1070;90;Nachtlader;960;1000;0,2451635229645246;540;NCS;2021-01-01 17:50:00;1070;1
350;2;1;1090;91;Nachtlader;840;1000;0,339484022737717;540;NCS;2021-01-01 18:10:00;1090;1
351;2;1;1095;92;Nachtlader;840;1000;0,3691259972710315;540;NCS;2021-01-01 18:15:00;1095;1
354;2;1;1120;95;Nachtlader;720;1000;0,3351016512583215;540;NCS;2021-01-01 18:40:00;1120;1
355;2;1;1125;96;Nachtlader;960;1000;0,3206032305118127;540;NCS;2021-01-01 18:45:00;1125;1
356;2;1;1125;97;Nachtlader;960;1000;0,3091831035534954;540;NCS;2021-01-01 18:45:00;1125;1
357;2;1;1130;98;Nachtlader;960;1000;0,1951685353126793;540;NCS;2021-01-01 18:50:00;1130;1
359;2;1;1165;100;Nachtlader;960;1000;0,2285253332563331;540;NCS;2021-01-01 19:25:00;1165;1
360;2;1;1175;101;Nachtlader;840;1000;0,2894815569319035;540;NCS;2021-01-01 19:35:00;1175;1
363;2;1;1180;104;Nachtlader;840;1000;0,3236814835615587;540;NCS;2021-01-01 19:40:00;1180;1
367;2;1;1190;108;Nachtlader;960;1000;0,2129339623435517;540;NCS;2021-01-01 19:50:00;1190;1
372;2;1;1215;113;Nachtlader;840;1000;0,2758172415675622;540;NCS;2021-01-01 20:15:00;1215;1
375;2;1;1230;116;Nachtlader;720;1000;0,263597075943171;540;NCS;2021-01-01 20:30:00;1230;1
378;2;1;1240;119;Nachtlader;960;1000;0,3229163458188484;540;NCS;2021-01-01 20:40:00;1240;1
381;2;1;1250;122;Nachtlader;960;1000;0,2737222756430368;540;NCS;2021-01-01 20:50:00;1250;1
382;2;1;1250;123;Nachtlader;960;1000;0,1635674118210343;540;NCS;2021-01-01 20:50:00;1250;1
383;2;1;1255;124;Nachtlader;960;1000;0,1793791812679709;540;NCS;2021-01-01 20:55:00;1255;1
385;2;1;1260;126;Nachtlader;960;1000;0,3146026656727344;540;NCS;2021-01-01 21:00:00;1260;1
386;2;1;1260;127;Nachtlader;840;1000;0,1606701202937543;540;NCS;2021-01-01 21:00:00;1260;1
389;2;1;1275;130;Nachtlader;960;1000;0,1690172480261264;540;NCS;2021-01-01 21:15:00;1275;1
390;2;1;1305;131;Nachtlader;960;1000;0,2656483961278044;540;NCS;2021-01-01 21:45:00;1305;1
391;2;1;1310;132;Nachtlader;720;1000;0,2996268355915484;540;NCS;2021-01-01 21:50:00;1310;1
392;2;1;1335;133;Nachtlader;600;1000;0,3208977938354794;540;NCS;2021-01-01 22:15:00;1335;1
393;2;1;1340;134;Nachtlader;600;1000;0,1779200085177412;540;NCS;2021-01-01 22:20:00;1340;1
394;2;1;1345;135;Nachtlader;960;1000;0,3089504566390426;540;NCS;2021-01-01 22:25:00;1345;1
395;2;1;1345;136;Nachtlader;720;1000;0,3145302996459507;540;NCS;2021-01-01 22:25:00;1345;1
396;2;1;1375;137;Nachtlader;960;1000;0,1355019455981359;540;NCS;2021-01-01 22:55:00;1375;1
397;2;1;1385;138;Nachtlader;960;1000;0,2056803022499739;540;NCS;2021-01-01 23:05:00;1385;1
398;2;1;1385;139;Nachtlader;720;1000;0,2421293297984736;540;NCS;2021-01-01 23:05:00;1385;1
399;2;1;1400;140;Nachtlader;840;1000;0,1763744332077372;540;NCS;2021-01-01 23:20:00;1400;1
401;2;1;1420;142;Nachtlader;960;1000;0,2287627054033337;540;NCS;2021-01-01 23:40:00;1420;1
403;2;2;40;144;Nachtlader;720;1000;0,2283943000886532;540;NCS;2021-01-02 00:40:00;1480;1
404;2;2;45;145;Nachtlader;600;1000;0,1270332578309645;540;NCS;2021-01-02 00:45:00;1485;1
405;2;2;185;146;Nachtlader;840;1000;0,2124593631755819;540;NCS;2021-01-02 03:05:00;1625;1
464;2;2;870;205;Nachtlader;840;1000;0,4164713015644723;540;NCS;2021-01-02 14:30:00;2310;1
474;2;2;930;215;Nachtlader;720;1000;0,2567316499192861;540;NCS;2021-01-02 15:30:00;2370;1
478;2;2;950;219;Nachtlader;840;1000;0,4213915646062126;540;NCS;2021-01-02 15:50:00;2390;1
479;2;2;965;220;Nachtlader;960;1000;0,3545718649353145;540;NCS;2021-01-02 16:05:00;2405;1
485;2;2;1010;226;Nachtlader;960;1000;0,3896028964545245;540;NCS;2021-01-02 16:50:00;2450;1
487;2;2;1015;228;Nachtlader;960;1000;0,3548289108095188;540;NCS;2021-01-02 16:55:00;2455;1
491;2;2;1025;232;Nachtlader;840;1000;0,2865068844583063;540;NCS;2021-01-02 17:05:00;2465;1
493;2;2;1040;234;Nachtlader;840;1000;0,3477902177804923;540;NCS;2021-01-02 17:20:00;2480;1
494;2;2;1045;235;Nachtlader;960;1000;0,3454009781641332;540;NCS;2021-01-02 17:25:00;2485;1
495;2;2;1045;236;Nachtlader;960;1000;0,3079132152926885;540;NCS;2021-01-02 17:25:00;2485;1
498;2;2;1055;239;Nachtlader;960;1000;0,2692743124231041;540;NCS;2021-01-02 17:35:00;2495;1
500;2;2;1065;241;Nachtlader;720;1000;0,3239961977701984;540;NCS;2021-01-02 17:45:00;2505;1
501;2;2;1065;242;Nachtlader;960;1000;0,3879190429287832;540;NCS;2021-01-02 17:45:00;2505;1
506;2;2;1080;247;Nachtlader;840;1000;0,3537051030487724;540;NCS;2021-01-02 18:00:00;2520;1
508;2;2;1110;249;Nachtlader;600;1000;0,2418225139821685;540;NCS;2021-01-02 18:30:00;2550;1
509;2;2;1110;250;Nachtlader;840;1000;0,2685963034148567;540;NCS;2021-01-02 18:30:00;2550;1
510;2;2;1110;251;Nachtlader;960;1000;0,2053838566102504;540;NCS;2021-01-02 18:30:00;2550;1
512;2;2;1130;253;Nachtlader;720;1000;0,1974847685492187;540;NCS;2021-01-02 18:50:00;2570;1
513;2;2;1145;254;Nachtlader;720;1000;0,2098832026660834;540;NCS;2021-01-02 19:05:00;2585;1
518;2;2;1155;259;Nachtlader;840;1000;0,3201195531316352;540;NCS;2021-01-02 19:15:00;2595;1
524;2;2;1180;265;Nachtlader;960;1000;0,3680316029646625;540;NCS;2021-01-02 19:40:00;2620;1
525;2;2;1180;266;Nachtlader;960;1000;0,2908505875501955;540;NCS;2021-01-02 19:40:00;2620;1
528;2;2;1190;269;Nachtlader;960;1000;0,2915171376005519;540;NCS;2021-01-02 19:50:00;2630;1
530;2;2;1195;271;Nachtlader;960;1000;0,2302667506230751;540;NCS;2021-01-02 19:55:00;2635;1
531;2;2;1195;272;Nachtlader;720;1000;0,1847352899293439;540;NCS;2021-01-02 19:55:00;2635;1
532;2;2;1200;273;Nachtlader;960;1000;0,2103894192231951;540;NCS;2021-01-02 20:00:00;2640;1
533;2;2;1200;274;Nachtlader;720;1000;0,3400158175122917;540;NCS;2021-01-02 20:00:00;2640;1
538;2;2;1205;279;Nachtlader;960;1000;0,3087301020478492;540;NCS;2021-01-02 20:05:00;2645;1
541;2;2;1215;282;Nachtlader;840;1000;0,1934028415489727;540;NCS;2021-01-02 20:15:00;2655;1
542;2;2;1215;283;Nachtlader;840;1000;0,2591533717718339;540;NCS;2021-01-02 20:15:00;2655;1
543;2;2;1220;284;Nachtlader;840;1000;0,2615358855392996;540;NCS;2021-01-02 20:20:00;2660;1
544;2;2;1230;285;Nachtlader;600;1000;0,3458806684413313;540;NCS;2021-01-02 20:30:00;2670;1
546;2;2;1245;287;Nachtlader;840;1000;0,3502278722442335;540;NCS;2021-01-02 20:45:00;2685;1
548;2;2;1265;289;Nachtlader;720;1000;0,2614773834012818;540;NCS;2021-01-02 21:05:00;2705;1
549;2;2;1280;290;Nachtlader;840;1000;0,2111143048477964;540;NCS;2021-01-02 21:20:00;2720;1
550;2;2;1280;291;Nachtlader;600;1000;0,167142696727047;540;NCS;2021-01-02 21:20:00;2720;1
551;2;2;1290;292;Nachtlader;960;1000;0,2805489395485953;540;NCS;2021-01-02 21:30:00;2730;1
552;2;2;1295;293;Nachtlader;960;1000;0,3228355638958905;540;NCS;2021-01-02 21:35:00;2735;1
553;2;2;1310;294;Nachtlader;960;1000;0,3100412926696816;540;NCS;2021-01-02 21:50:00;2750;1
554;2;2;1310;295;Nachtlader;720;1000;0,2179476507297525;540;NCS;2021-01-02 21:50:00;2750;1
555;2;2;1310;296;Nachtlader;720;1000;0,209324658695316;540;NCS;2021-01-02 21:50:00;2750;1
556;2;2;1320;297;Nachtlader;840;1000;0,3104046246796022;540;NCS;2021-01-02 22:00:00;2760;1
557;2;2;1330;298;Nachtlader;960;1000;0,1709479600181551;540;NCS;2021-01-02 22:10:00;2770;1
558;2;2;1335;299;Nachtlader;960;1000;0,2873850800235242;540;NCS;2021-01-02 22:15:00;2775;1
561;2;2;1370;302;Nachtlader;960;1000;0,2243914260561119;540;NCS;2021-01-02 22:50:00;2810;1
563;2;2;1410;304;Nachtlader;840;1000;0,2333944154690664;540;NCS;2021-01-02 23:30:00;2850;1
565;2;2;1430;306;Nachtlader;960;1000;0,125278857890825;540;NCS;2021-01-02 23:50:00;2870;1
566;2;3;20;307;Nachtlader;720;1000;0,2119511367276765;540;NCS;2021-01-03 00:20:00;2900;1
567;2;3;45;308;Nachtlader;960;1000;0,1130409182520984;540;NCS;2021-01-03 00:45:00;2925;1
640;2;3;980;381;Nachtlader;840;1000;0,3569560209448588;540;NCS;2021-01-03 16:20:00;3860;1
645;2;3;1005;386;Nachtlader;960;1000;0,3538355124150868;540;NCS;2021-01-03 16:45:00;3885;1
648;2;3;1020;389;Nachtlader;960;1000;0,254803133680498;540;NCS;2021-01-03 17:00:00;3900;1
651;2;3;1035;392;Nachtlader;720;1000;0,2762430129742995;540;NCS;2021-01-03 17:15:00;3915;1
653;2;3;1060;394;Nachtlader;960;1000;0,3078659262389482;540;NCS;2021-01-03 17:40:00;3940;1
654;2;3;1070;395;Nachtlader;720;1000;0,2505933322680596;540;NCS;2021-01-03 17:50:00;3950;1
655;2;3;1080;396;Nachtlader;720;1000;0,2259943979521988;540;NCS;2021-01-03 18:00:00;3960;1
660;2;3;1100;401;Nachtlader;960;1000;0,3205763820117415;540;NCS;2021-01-03 18:20:00;3980;1
662;2;3;1115;403;Nachtlader;960;1000;0,2820335797865629;540;NCS;2021-01-03 18:35:00;3995;1
665;2;3;1130;406;Nachtlader;960;1000;0,2064191569775866;540;NCS;2021-01-03 18:50:00;4010;1
666;2;3;1140;407;Nachtlader;960;1000;0,3359223701850655;540;NCS;2021-01-03 19:00:00;4020;1
673;2;3;1160;414;Nachtlader;720;1000;0,2982596050139604;540;NCS;2021-01-03 19:20:00;4040;1
675;2;3;1165;416;Nachtlader;720;1000;0,370797931228175;540;NCS;2021-01-03 19:25:00;4045;1
676;2;3;1165;417;Nachtlader;840;1000;0,3235652673926613;540;NCS;2021-01-03 19:25:00;4045;1
678;2;3;1170;419;Nachtlader;840;1000;0,3668010659263074;540;NCS;2021-01-03 19:30:00;4050;1
679;2;3;1170;420;Nachtlader;600;1000;0,2693392574260094;540;NCS;2021-01-03 19:30:00;4050;1
680;2;3;1170;421;Nachtlader;960;1000;0,2547531083169017;540;NCS;2021-01-03 19:30:00;4050;1
681;2;3;1170;422;Nachtlader;960;1000;0,2439596530650883;540;NCS;2021-01-03 19:30:00;4050;1
682;2;3;1175;423;Nachtlader;960;1000;0,3668209876030309;540;NCS;2021-01-03 19:35:00;4055;1
685;2;3;1190;426;Nachtlader;960;1000;0,2077762548301425;540;NCS;2021-01-03 19:50:00;4070;1
686;2;3;1190;427;Nachtlader;960;1000;0,2278621353393462;540;NCS;2021-01-03 19:50:00;4070;1
687;2;3;1195;428;Nachtlader;960;1000;0,1969909645670696;540;NCS;2021-01-03 19:55:00;4075;1
689;2;3;1200;430;Nachtlader;960;1000;0,1764546211763771;540;NCS;2021-01-03 20:00:00;4080;1
690;2;3;1205;431;Nachtlader;960;1000;0,2672781822748733;540;NCS;2021-01-03 20:05:00;4085;1
693;2;3;1225;434;Nachtlader;960;1000;0,2274749893219309;540;NCS;2021-01-03 20:25:00;4105;1
696;2;3;1245;437;Nachtlader;960;1000;0,2783342546507883;540;NCS;2021-01-03 20:45:00;4125;1
697;2;3;1250;438;Nachtlader;840;1000;0,1639282296324811;540;NCS;2021-01-03 20:50:00;4130;1
698;2;3;1260;439;Nachtlader;600;1000;0,2559076434685292;540;NCS;2021-01-03 21:00:00;4140;1
699;2;3;1260;440;Nachtlader;720;1000;0,3123956425416164;540;NCS;2021-01-03 21:00:00;4140;1
700;2;3;1265;441;Nachtlader;840;1000;0,3238516106035605;540;NCS;2021-01-03 21:05:00;4145;1
702;2;3;1270;443;Nachtlader;600;1000;0,1818823888195164;540;NCS;2021-01-03 21:10:00;4150;1
704;2;3;1295;445;Nachtlader;600;1000;0,1776727564271948;540;NCS;2021-01-03 21:35:00;4175;1
705;2;3;1295;446;Nachtlader;840;1000;0,2529186731762315;540;NCS;2021-01-03 21:35:00;4175;1
706;2;3;1295;447;Nachtlader;960;1000;0,2007523354135053;540;NCS;2021-01-03 21:35:00;4175;1
709;2;3;1300;450;Nachtlader;960;1000;0,2151940945324909;540;NCS;2021-01-03 21:40:00;4180;1
711;2;3;1305;452;Nachtlader;840;1000;0,2264479755193916;540;NCS;2021-01-03 21:45:00;4185;1
712;2;3;1310;453;Nachtlader;960;1000;0,2413587509971089;540;NCS;2021-01-03 21:50:00;4190;1
713;2;3;1315;454;Nachtlader;840;1000;0,1988416094741745;540;NCS;2021-01-03 21:55:00;4195;1
714;2;3;1325;455;Nachtlader;720;1000;0,174435911404703;540;NCS;2021-01-03 22:05:00;4205;1
715;2;3;1330;456;Nachtlader;720;1000;0,2721628606416967;540;NCS;2021-01-03 22:10:00;4210;1
716;2;3;1340;457;Nachtlader;960;1000;0,2989156850092014;540;NCS;2021-01-03 22:20:00;4220;1
717;2;3;1340;458;Nachtlader;600;1000;0,285520707088307;540;NCS;2021-01-03 22:20:00;4220;1
718;2;3;1340;459;Nachtlader;720;1000;0,210297937584123;540;NCS;2021-01-03 22:20:00;4220;1
719;2;3;1350;460;Nachtlader;720;1000;0,2528585104649924;540;NCS;2021-01-03 22:30:00;4230;1
720;2;3;1355;461;Nachtlader;960;1000;0,1759808974755618;540;NCS;2021-01-03 22:35:00;4235;1
721;2;3;1360;462;Nachtlader;840;1000;0,2269403595905428;540;NCS;2021-01-03 22:40:00;4240;1
723;2;3;1385;464;Nachtlader;720;1000;0,2821950742961324;540;NCS;2021-01-03 23:05:00;4265;1
724;2;3;1405;465;Nachtlader;840;1000;0,1901521958550199;540;NCS;2021-01-03 23:25:00;4285;1
727;2;4;10;468;Nachtlader;960;1000;0,1493647738403804;540;NCS;2021-01-04 00:10:00;4330;1
728;2;4;10;469;Nachtlader;960;1000;0,1333906177494397;540;NCS;2021-01-04 00:10:00;4330;1
729;2;4;25;470;Nachtlader;840;1000;0,247573903712306;540;NCS;2021-01-04 00:25:00;4345;1
783;2;4;905;524;Nachtlader;960;1000;0,4376230414583403;540;NCS;2021-01-04 15:05:00;5225;1
784;2;4;905;525;Nachtlader;600;1000;0,3271746565265274;540;NCS;2021-01-04 15:05:00;5225;1
791;2;4;955;532;Nachtlader;960;1000;0,3700038533006485;540;NCS;2021-01-04 15:55:00;5275;1
798;2;4;990;539;Nachtlader;840;1000;0,3844470420018444;540;NCS;2021-01-04 16:30:00;5310;1
801;2;4;1010;542;Nachtlader;960;1000;0,2770791176743362;540;NCS;2021-01-04 16:50:00;5330;1
802;2;4;1010;543;Nachtlader;840;1000;0,3431115393783472;540;NCS;2021-01-04 16:50:00;5330;1
808;2;4;1075;549;Nachtlader;840;1000;0,2552008997817427;540;NCS;2021-01-04 17:55:00;5395;1
810;2;4;1095;551;Nachtlader;960;1000;0,2927390845635893;540;NCS;2021-01-04 18:15:00;5415;1
811;2;4;1095;552;Nachtlader;840;1000;0,361942380432111;540;NCS;2021-01-04 18:15:00;5415;1
812;2;4;1105;553;Nachtlader;840;1000;0,2059724150552327;540;NCS;2021-01-04 18:25:00;5425;1
814;2;4;1115;555;Nachtlader;960;1000;0,2830873972687583;540;NCS;2021-01-04 18:35:00;5435;1
815;2;4;1115;556;Nachtlader;960;1000;0,2081784776132026;540;NCS;2021-01-04 18:35:00;5435;1
817;2;4;1130;558;Nachtlader;960;1000;0,3131634891981056;540;NCS;2021-01-04 18:50:00;5450;1
819;2;4;1140;560;Nachtlader;840;1000;0,3073423757497202;540;NCS;2021-01-04 19:00:00;5460;1
823;2;4;1150;564;Nachtlader;840;1000;0,1912019688280483;540;NCS;2021-01-04 19:10:00;5470;1
824;2;4;1165;565;Nachtlader;960;1000;0,2758864978008464;540;NCS;2021-01-04 19:25:00;5485;1
829;2;4;1180;570;Nachtlader;600;1000;0,185129866934321;540;NCS;2021-01-04 19:40:00;5500;1
830;2;4;1185;571;Nachtlader;600;1000;0,1775703817055206;540;NCS;2021-01-04 19:45:00;5505;1
832;2;4;1190;573;Nachtlader;840;1000;0,1953751922678823;540;NCS;2021-01-04 19:50:00;5510;1
840;2;4;1215;581;Nachtlader;840;1000;0,2847567725578805;540;NCS;2021-01-04 20:15:00;5535;1
847;2;4;1235;588;Nachtlader;720;1000;0,3499962230349618;540;NCS;2021-01-04 20:35:00;5555;1
849;2;4;1245;590;Nachtlader;960;1000;0,3446095010257354;540;NCS;2021-01-04 20:45:00;5565;1
850;2;4;1250;591;Nachtlader;840;1000;0,2945413915396457;540;NCS;2021-01-04 20:50:00;5570;1
851;2;4;1250;592;Nachtlader;960;1000;0,3156938598898234;540;NCS;2021-01-04 20:50:00;5570;1
852;2;4;1250;593;Nachtlader;600;1000;0,1983863360631059;540;NCS;2021-01-04 20:50:00;5570;1
853;2;4;1260;594;Nachtlader;720;1000;0,1597379243243732;540;NCS;2021-01-04 21:00:00;5580;1
857;2;4;1275;598;Nachtlader;960;1000;0,1715700574601677;540;NCS;2021-01-04 21:15:00;5595;1
858;2;4;1275;599;Nachtlader;600;1000;0,2065173590522233;540;NCS;2021-01-04 21:15:00;5595;1
859;2;4;1285;600;Nachtlader;960;1000;0,271908103134011;540;NCS;2021-01-04 21:25:00;5605;1
860;2;4;1295;601;Nachtlader;840;1000;0,2788172954533396;540;NCS;2021-01-04 21:35:00;5615;1
861;2;4;1295;602;Nachtlader;840;1000;0,3157744289621469;540;NCS;2021-01-04 21:35:00;5615;1
862;2;4;1300;603;Nachtlader;840;1000;0,1917519744829106;540;NCS;2021-01-04 21:40:00;5620;1
864;2;4;1310;605;Nachtlader;960;1000;0,2939917015105041;540;NCS;2021-01-04 21:50:00;5630;1
865;2;4;1315;606;Nachtlader;840;1000;0,2847055589309435;540;NCS;2021-01-04 21:55:00;5635;1
866;2;4;1320;607;Nachtlader;960;1000;0,2531208228474917;540;NCS;2021-01-04 22:00:00;5640;1
867;2;4;1325;608;Nachtlader;720;1000;0,2168299633267497;540;NCS;2021-01-04 22:05:00;5645;1
868;2;4;1335;609;Nachtlader;960;1000;0,3223478687166858;540;NCS;2021-01-04 22:15:00;5655;1
870;2;4;1345;611;Nachtlader;720;1000;0,2240167901559672;540;NCS;2021-01-04 22:25:00;5665;1
871;2;4;1350;612;Nachtlader;960;1000;0,1344915187238143;540;NCS;2021-01-04 22:30:00;5670;1
873;2;4;1360;614;Nachtlader;840;1000;0,1946636107926385;540;NCS;2021-01-04 22:40:00;5680;1
874;2;4;1370;615;Nachtlader;960;1000;0,1202232188859528;540;NCS;2021-01-04 22:50:00;5690;1
875;2;4;1375;616;Nachtlader;960;1000;0,1960205389055133;540;NCS;2021-01-04 22:55:00;5695;1
876;2;4;1390;617;Nachtlader;960;1000;0,2513081003069614;540;NCS;2021-01-04 23:10:00;5710;1
877;2;4;1395;618;Nachtlader;960;1000;0,1494949031056806;540;NCS;2021-01-04 23:15:00;5715;1
878;2;4;1395;619;Nachtlader;720;1000;0,1111726570226938;540;NCS;2021-01-04 23:15:00;5715;1
880;2;5;5;621;Nachtlader;960;1000;0,1833131656964584;540;NCS;2021-01-05 00:05:00;5765;1
881;2;5;5;622;Nachtlader;720;1000;0,2458689588175993;540;NCS;2021-01-05 00:05:00;5765;1
882;2;5;20;623;Nachtlader;960;1000;0,2407399559258102;540;NCS;2021-01-05 00:20:00;5780;1
883;2;5;20;624;Nachtlader;960;1000;0,2348039838117585;540;NCS;2021-01-05 00:20:00;5780;1
884;2;5;120;625;Nachtlader;960;1000;0,2009591196609056;540;NCS;2021-01-05 02:00:00;5880;1
885;2;5;140;626;Nachtlader;840;1000;0,2946156325944665;540;NCS;2021-01-05 02:20:00;5900;1
941;2;5;930;682;Nachtlader;960;1000;0,348499391820773;540;NCS;2021-01-05 15:30:00;6690;1
951;2;5;1035;692;Nachtlader;840;1000;0,3674411304522116;540;NCS;2021-01-05 17:15:00;6795;1
952;2;5;1040;693;Nachtlader;960;1000;0,3649263434851114;540;NCS;2021-01-05 17:20:00;6800;1
953;2;5;1045;694;Nachtlader;960;1000;0,281588201631553;540;NCS;2021-01-05 17:25:00;6805;1
954;2;5;1070;695;Nachtlader;960;1000;0,3330094383606845;540;NCS;2021-01-05 17:50:00;6830;1
958;2;5;1105;699;Nachtlader;840;1000;0,3648828068381708;540;NCS;2021-01-05 18:25:00;6865;1
959;2;5;1110;700;Nachtlader;720;1000;0,2499885024510054;540;NCS;2021-01-05 18:30:00;6870;1
961;2;5;1120;702;Nachtlader;840;1000;0,3289242666197025;540;NCS;2021-01-05 18:40:00;6880;1
962;2;5;1120;703;Nachtlader;840;1000;0,3821050936778281;540;NCS;2021-01-05 18:40:00;6880;1
963;2;5;1130;704;Nachtlader;840;1000;0,307858489809922;540;NCS;2021-01-05 18:50:00;6890;1
969;2;5;1140;710;Nachtlader;960;1000;0,1858386827918458;540;NCS;2021-01-05 19:00:00;6900;1
970;2;5;1145;711;Nachtlader;960;1000;0,2975275667989275;540;NCS;2021-01-05 19:05:00;6905;1
972;2;5;1160;713;Nachtlader;960;1000;0,2221946809991905;540;NCS;2021-01-05 19:20:00;6920;1
973;2;5;1170;714;Nachtlader;960;1000;0,3565989042193151;540;NCS;2021-01-05 19:30:00;6930;1
975;2;5;1185;716;Nachtlader;840;1000;0,2420561540431082;540;NCS;2021-01-05 19:45:00;6945;1
977;2;5;1200;718;Nachtlader;960;1000;0,2433107363979926;540;NCS;2021-01-05 20:00:00;6960;1
978;2;5;1200;719;Nachtlader;600;1000;0,2215265458087356;540;NCS;2021-01-05 20:00:00;6960;1
980;2;5;1210;721;Nachtlader;960;1000;0,3277660753576542;540;NCS;2021-01-05 20:10:00;6970;1
982;2;5;1220;723;Nachtlader;720;1000;0,2177119824411861;540;NCS;2021-01-05 20:20:00;6980;1
985;2;5;1250;726;Nachtlader;840;1000;0,2164912314297424;540;NCS;2021-01-05 20:50:00;7010;1
986;2;5;1255;727;Nachtlader;960;1000;0,294011352323078;540;NCS;2021-01-05 20:55:00;7015;1
987;2;5;1270;728;Nachtlader;960;1000;0,316738180757469;540;NCS;2021-01-05 21:10:00;7030;1
988;2;5;1270;729;Nachtlader;840;1000;0,2253054771147739;540;NCS;2021-01-05 21:10:00;7030;1
990;2;5;1280;731;Nachtlader;960;1000;0,1621031928132949;540;NCS;2021-01-05 21:20:00;7040;1
992;2;5;1290;733;Nachtlader;600;1000;0,1959516649185412;540;NCS;2021-01-05 21:30:00;7050;1
994;2;5;1300;735;Nachtlader;960;1000;0,1860935797584997;540;NCS;2021-01-05 21:40:00;7060;1
995;2;5;1305;736;Nachtlader;960;1000;0,3315716805524952;540;NCS;2021-01-05 21:45:00;7065;1
996;2;5;1305;737;Nachtlader;720;1000;0,1736481205912984;540;NCS;2021-01-05 21:45:00;7065;1
997;2;5;1310;738;Nachtlader;960;1000;0,2424860632155694;540;NCS;2021-01-05 21:50:00;7070;1
998;2;5;1315;739;Nachtlader;960;1000;0,2712418763819273;540;NCS;2021-01-05 21:55:00;7075;1
999;2;5;1325;740;Nachtlader;960;1000;0,2135258394027218;540;NCS;2021-01-05 22:05:00;7085;1
1000;2;5;1330;741;Nachtlader;960;1000;0,163451122381558;540;NCS;2021-01-05 22:10:00;7090;1
1001;2;5;1335;742;Nachtlader;720;1000;0,1576546416359431;540;NCS;2021-01-05 22:15:00;7095;1
1005;2;5;1385;746;Nachtlader;840;1000;0,2114517505764723;540;NCS;2021-01-05 23:05:00;7145;1
1006;2;5;1390;747;Nachtlader;960;1000;0,1192844596413783;540;NCS;2021-01-05 23:10:00;7150;1
1008;2;6;245;749;Nachtlader;960;1000;0,2649486474694015;540;NCS;2021-01-06 04:05:00;7445;1
1028;2;6;880;769;Nachtlader;840;1000;0,3278225876860255;540;NCS;2021-01-06 14:40:00;8080;1
1032;2;6;1030;773;Nachtlader;720;1000;0,2436925228542452;540;NCS;2021-01-06 17:10:00;8230;1
1035;2;6;1050;776;Nachtlader;600;1000;0,3388438769977936;540;NCS;2021-01-06 17:30:00;8250;1
1038;2;6;1085;779;Nachtlader;960;1000;0,3372921660566972;540;NCS;2021-01-06 18:05:00;8285;1
1041;2;6;1105;782;Nachtlader;720;1000;0,2525613750644938;540;NCS;2021-01-06 18:25:00;8305;1
1042;2;6;1135;783;Nachtlader;720;1000;0,3612692178306338;540;NCS;2021-01-06 18:55:00;8335;1
1043;2;6;1150;784;Nachtlader;960;1000;0,3090347429048676;540;NCS;2021-01-06 19:10:00;8350;1
1045;2;6;1160;786;Nachtlader;840;1000;0,3050644649153763;540;NCS;2021-01-06 19:20:00;8360;1
1046;2;6;1165;787;Nachtlader;840;1000;0,1781826657550017;540;NCS;2021-01-06 19:25:00;8365;1
1047;2;6;1185;788;Nachtlader;840;1000;0,1794352154694878;540;NCS;2021-01-06 19:45:00;8385;1
1048;2;6;1200;789;Nachtlader;960;1000;0,2040564035735252;540;NCS;2021-01-06 20:00:00;8400;1
1050;2;6;1215;791;Nachtlader;960;1000;0,2674663886511427;540;NCS;2021-01-06 20:15:00;8415;1
1051;2;6;1275;792;Nachtlader;960;1000;0,2905834786708051;540;NCS;2021-01-06 21:15:00;8475;1
1054;2;6;1295;795;Nachtlader;960;1000;0,228269084613531;540;NCS;2021-01-06 21:35:00;8495;1
1056;2;6;1305;797;Nachtlader;960;1000;0,2716268619748968;540;NCS;2021-01-06 21:45:00;8505;1
1060;2;6;1370;801;Nachtlader;840;1000;0,1374786436215611;540;NCS;2021-01-06 22:50:00;8570;1
1061;2;7;5;802;Nachtlader;720;1000;0,243747923570706;540;NCS;2021-01-07 00:05:00;8645;1
1069;2;7;1075;810;Nachtlader;960;1000;0,2225102600300439;540;NCS;2021-01-07 17:55:00;9715;1
1071;2;7;1190;812;Nachtlader;960;1000;0,1990725602110767;540;NCS;2021-01-07 19:50:00;9830;1
1072;2;7;1245;813;Nachtlader;720;1000;0,1872506511478561;540;NCS;2021-01-07 20:45:00;9885;1
263;2;1;515;4;Schnelllader;960;1000;0,3729017061708936;45;HPC;2021-01-01 08:35:00;515;1
264;2;1;545;5;Schnelllader;840;1000;0,4011354718769892;45;HPC;2021-01-01 09:05:00;545;1
267;2;1;570;8;Schnelllader;720;1000;0,4348133890219998;45;HPC;2021-01-01 09:30:00;570;1
268;2;1;570;9;Schnelllader;960;1000;0,4596539756964106;45;HPC;2021-01-01 09:30:00;570;1
270;2;1;600;11;Schnelllader;960;1000;0,4819920940798355;45;HPC;2021-01-01 10:00:00;600;1
271;2;1;600;12;Schnelllader;840;1000;0,4871055233390021;45;HPC;2021-01-01 10:00:00;600;1
272;2;1;625;13;Schnelllader;600;1000;0,4849832170746379;45;HPC;2021-01-01 10:25:00;625;1
276;2;1;645;17;Schnelllader;960;1000;0,4930935951795825;45;HPC;2021-01-01 10:45:00;645;1
277;2;1;645;18;Schnelllader;600;1000;0,499403728369621;45;HPC;2021-01-01 10:45:00;645;1
278;2;1;645;19;Schnelllader;960;1000;0,5094474707641605;45;HPC;2021-01-01 10:45:00;645;1
279;2;1;650;20;Schnelllader;960;1000;0,4009248247454047;45;HPC;2021-01-01 10:50:00;650;1
280;2;1;655;21;Schnelllader;960;1000;0,4338459664033594;45;HPC;2021-01-01 10:55:00;655;1
282;2;1;660;23;Schnelllader;960;1000;0,498082389184992;45;HPC;2021-01-01 11:00:00;660;1
284;2;1;665;25;Schnelllader;840;1000;0,4954901122667257;45;HPC;2021-01-01 11:05:00;665;1
285;2;1;665;26;Schnelllader;840;1000;0,4221801894756716;45;HPC;2021-01-01 11:05:00;665;1
286;2;1;675;27;Schnelllader;960;1000;0,3696295460522026;45;HPC;2021-01-01 11:15:00;675;1
288;2;1;680;29;Schnelllader;960;1000;0,499592236790045;45;HPC;2021-01-01 11:20:00;680;1
289;2;1;690;30;Schnelllader;720;1000;0,4411785487197457;45;HPC;2021-01-01 11:30:00;690;1
291;2;1;695;32;Schnelllader;720;1000;0,4498533863711318;45;HPC;2021-01-01 11:35:00;695;1
292;2;1;695;33;Schnelllader;840;1000;0,4692204635348399;45;HPC;2021-01-01 11:35:00;695;1
293;2;1;710;34;Schnelllader;840;1000;0,4299999086478031;45;HPC;2021-01-01 11:50:00;710;1
294;2;1;710;35;Schnelllader;960;1000;0,4120356005031587;45;HPC;2021-01-01 11:50:00;710;1
297;2;1;725;38;Schnelllader;840;1000;0,4866906613924313;45;HPC;2021-01-01 12:05:00;725;1
298;2;1;725;39;Schnelllader;960;1000;0,4102809280593794;45;HPC;2021-01-01 12:05:00;725;1
299;2;1;725;40;Schnelllader;960;1000;0,4818792390753061;45;HPC;2021-01-01 12:05:00;725;1
301;2;1;740;42;Schnelllader;960;1000;0,4179782752874018;45;HPC;2021-01-01 12:20:00;740;1
303;2;1;755;44;Schnelllader;960;1000;0,4335533543057522;45;HPC;2021-01-01 12:35:00;755;1
304;2;1;760;45;Schnelllader;960;1000;0,3565906403792455;45;HPC;2021-01-01 12:40:00;760;1
306;2;1;785;47;Schnelllader;840;1000;0,3839835410565675;45;HPC;2021-01-01 13:05:00;785;1
308;2;1;795;49;Schnelllader;840;1000;0,3848791205875845;45;HPC;2021-01-01 13:15:00;795;1
309;2;1;800;50;Schnelllader;960;1000;0,3684011607288265;45;HPC;2021-01-01 13:20:00;800;1
310;2;1;800;51;Schnelllader;960;1000;0,3719751240607817;45;HPC;2021-01-01 13:20:00;800;1
311;2;1;805;52;Schnelllader;960;1000;0,385009436170396;45;HPC;2021-01-01 13:25:00;805;1
312;2;1;810;53;Schnelllader;840;1000;0,4561691802136199;45;HPC;2021-01-01 13:30:00;810;1
313;2;1;810;54;Schnelllader;960;1000;0,357471400455414;45;HPC;2021-01-01 13:30:00;810;1
314;2;1;815;55;Schnelllader;960;1000;0,450334342215395;45;HPC;2021-01-01 13:35:00;815;1
319;2;1;870;60;Schnelllader;960;1000;0,3940804792855472;45;HPC;2021-01-01 14:30:00;870;1
321;2;1;895;62;Schnelllader;960;1000;0,4372135397025792;45;HPC;2021-01-01 14:55:00;895;1
333;2;1;965;74;Schnelllader;960;1000;0,3499033720867306;45;HPC;2021-01-01 16:05:00;965;1
342;2;1;1030;83;Schnelllader;840;1000;0,3989659478649516;45;HPC;2021-01-01 17:10:00;1030;1
347;2;1;1060;88;Schnelllader;960;1000;0,3730391303130639;45;HPC;2021-01-01 17:40:00;1060;1
352;2;1;1100;93;Schnelllader;840;1000;0,3788734029538029;45;HPC;2021-01-01 18:20:00;1100;1
353;2;1;1100;94;Schnelllader;960;1000;0,3533122295722899;45;HPC;2021-01-01 18:20:00;1100;1
371;2;1;1210;112;Schnelllader;960;1000;0,358016693839859;45;HPC;2021-01-01 20:10:00;1210;1
406;2;2;385;147;Schnelllader;960;1000;0,5825623570846478;45;HPC;2021-01-02 06:25:00;1825;1
407;2;2;420;148;Schnelllader;840;1000;0,447317165980054;45;HPC;2021-01-02 07:00:00;1860;1
409;2;2;535;150;Schnelllader;960;1000;0,3893555971367092;45;HPC;2021-01-02 08:55:00;1975;1
410;2;2;560;151;Schnelllader;960;1000;0,530442449248738;45;HPC;2021-01-02 09:20:00;2000;1
414;2;2;570;155;Schnelllader;720;1000;0,4876804030131281;45;HPC;2021-01-02 09:30:00;2010;1
415;2;2;575;156;Schnelllader;960;1000;0,4351013894515658;45;HPC;2021-01-02 09:35:00;2015;1
416;2;2;585;157;Schnelllader;960;1000;0,5316348368442635;45;HPC;2021-01-02 09:45:00;2025;1
417;2;2;600;158;Schnelllader;840;1000;0,4483942803828797;45;HPC;2021-01-02 10:00:00;2040;1
418;2;2;610;159;Schnelllader;720;1000;0,4652998604149426;45;HPC;2021-01-02 10:10:00;2050;1
420;2;2;620;161;Schnelllader;960;1000;0,4609204236450253;45;HPC;2021-01-02 10:20:00;2060;1
421;2;2;625;162;Schnelllader;720;1000;0,4522860499087273;45;HPC;2021-01-02 10:25:00;2065;1
422;2;2;625;163;Schnelllader;960;1000;0,4565690609206072;45;HPC;2021-01-02 10:25:00;2065;1
427;2;2;640;168;Schnelllader;960;1000;0,514764209015709;45;HPC;2021-01-02 10:40:00;2080;1
428;2;2;645;169;Schnelllader;840;1000;0,4329081696523116;45;HPC;2021-01-02 10:45:00;2085;1
429;2;2;650;170;Schnelllader;600;1000;0,5153260245917693;45;HPC;2021-01-02 10:50:00;2090;1
430;2;2;655;171;Schnelllader;720;1000;0,4909567133184403;45;HPC;2021-01-02 10:55:00;2095;1
431;2;2;675;172;Schnelllader;960;1000;0,4470456484862583;45;HPC;2021-01-02 11:15:00;2115;1
432;2;2;675;173;Schnelllader;960;1000;0,4456864866649835;45;HPC;2021-01-02 11:15:00;2115;1
434;2;2;690;175;Schnelllader;960;1000;0,3494209408050166;45;HPC;2021-01-02 11:30:00;2130;1
435;2;2;690;176;Schnelllader;720;1000;0,501079018808328;45;HPC;2021-01-02 11:30:00;2130;1
437;2;2;695;178;Schnelllader;720;1000;0,5027325186534293;45;HPC;2021-01-02 11:35:00;2135;1
439;2;2;700;180;Schnelllader;840;1000;0,496585375047516;45;HPC;2021-01-02 11:40:00;2140;1
440;2;2;710;181;Schnelllader;960;1000;0,491372712450082;45;HPC;2021-01-02 11:50:00;2150;1
441;2;2;740;182;Schnelllader;960;1000;0,3942469617376785;45;HPC;2021-01-02 12:20:00;2180;1
442;2;2;745;183;Schnelllader;840;1000;0,4249186771127169;45;HPC;2021-01-02 12:25:00;2185;1
444;2;2;765;185;Schnelllader;840;1000;0,4043901702869855;45;HPC;2021-01-02 12:45:00;2205;1
445;2;2;780;186;Schnelllader;840;1000;0,454266729914365;45;HPC;2021-01-02 13:00:00;2220;1
447;2;2;790;188;Schnelllader;720;1000;0,4726824644670575;45;HPC;2021-01-02 13:10:00;2230;1
448;2;2;795;189;Schnelllader;840;1000;0,4164934413379724;45;HPC;2021-01-02 13:15:00;2235;1
450;2;2;815;191;Schnelllader;960;1000;0,3620774048659351;45;HPC;2021-01-02 13:35:00;2255;1
453;2;2;820;194;Schnelllader;720;1000;0,4591231840335198;45;HPC;2021-01-02 13:40:00;2260;1
457;2;2;850;198;Schnelllader;960;1000;0,4556386855829443;45;HPC;2021-01-02 14:10:00;2290;1
458;2;2;855;199;Schnelllader;960;1000;0,4294340897938394;45;HPC;2021-01-02 14:15:00;2295;1
460;2;2;860;201;Schnelllader;840;1000;0,3792041096238607;45;HPC;2021-01-02 14:20:00;2300;1
461;2;2;865;202;Schnelllader;960;1000;0,4324846476163321;45;HPC;2021-01-02 14:25:00;2305;1
462;2;2;865;203;Schnelllader;840;1000;0,3911728515092209;45;HPC;2021-01-02 14:25:00;2305;1
463;2;2;870;204;Schnelllader;960;1000;0,3799694480402428;45;HPC;2021-01-02 14:30:00;2310;1
469;2;2;900;210;Schnelllader;960;1000;0,3695810185586889;45;HPC;2021-01-02 15:00:00;2340;1
471;2;2;915;212;Schnelllader;960;1000;0,4072595539924987;45;HPC;2021-01-02 15:15:00;2355;1
472;2;2;920;213;Schnelllader;840;1000;0,3862403556544527;45;HPC;2021-01-02 15:20:00;2360;1
477;2;2;950;218;Schnelllader;960;1000;0,4076542561026517;45;HPC;2021-01-02 15:50:00;2390;1
481;2;2;985;222;Schnelllader;960;1000;0,3835074581952352;45;HPC;2021-01-02 16:25:00;2425;1
482;2;2;1000;223;Schnelllader;960;1000;0,3666226044830561;45;HPC;2021-01-02 16:40:00;2440;1
504;2;2;1080;245;Schnelllader;960;1000;0,3579456166139584;45;HPC;2021-01-02 18:00:00;2520;1
526;2;2;1185;267;Schnelllader;960;1000;0,3571228438948046;45;HPC;2021-01-02 19:45:00;2625;1
571;2;3;570;312;Schnelllader;960;1000;0,4895467565462464;45;HPC;2021-01-03 09:30:00;3450;1
572;2;3;575;313;Schnelllader;960;1000;0,5193523984270847;45;HPC;2021-01-03 09:35:00;3455;1
573;2;3;590;314;Schnelllader;960;1000;0,4185586638148322;45;HPC;2021-01-03 09:50:00;3470;1
574;2;3;595;315;Schnelllader;720;1000;0,4895523172136879;45;HPC;2021-01-03 09:55:00;3475;1
575;2;3;595;316;Schnelllader;840;1000;0,5323732634339534;45;HPC;2021-01-03 09:55:00;3475;1
576;2;3;600;317;Schnelllader;960;1000;0,4295142387346768;45;HPC;2021-01-03 10:00:00;3480;1
577;2;3;600;318;Schnelllader;600;1000;0,5132874906688822;45;HPC;2021-01-03 10:00:00;3480;1
580;2;3;615;321;Schnelllader;600;1000;0,4710646776125364;45;HPC;2021-01-03 10:15:00;3495;1
581;2;3;620;322;Schnelllader;960;1000;0,4240482274043556;45;HPC;2021-01-03 10:20:00;3500;1
582;2;3;625;323;Schnelllader;840;1000;0,4531652629380412;45;HPC;2021-01-03 10:25:00;3505;1
583;2;3;625;324;Schnelllader;840;1000;0,4634322683388263;45;HPC;2021-01-03 10:25:00;3505;1
585;2;3;635;326;Schnelllader;960;1000;0,4041809779392576;45;HPC;2021-01-03 10:35:00;3515;1
587;2;3;645;328;Schnelllader;960;1000;0,4696750172058092;45;HPC;2021-01-03 10:45:00;3525;1
589;2;3;650;330;Schnelllader;840;1000;0,3791208430980429;45;HPC;2021-01-03 10:50:00;3530;1
592;2;3;665;333;Schnelllader;960;1000;0,3862470883304577;45;HPC;2021-01-03 11:05:00;3545;1
593;2;3;670;334;Schnelllader;960;1000;0,3834769137371479;45;HPC;2021-01-03 11:10:00;3550;1
595;2;3;695;336;Schnelllader;600;1000;0,5005747509820108;45;HPC;2021-01-03 11:35:00;3575;1
596;2;3;700;337;Schnelllader;960;1000;0,4550083857492557;45;HPC;2021-01-03 11:40:00;3580;1
598;2;3;710;339;Schnelllader;960;1000;0,4662098820360124;45;HPC;2021-01-03 11:50:00;3590;1
599;2;3;710;340;Schnelllader;960;1000;0,4048157532477631;45;HPC;2021-01-03 11:50:00;3590;1
601;2;3;725;342;Schnelllader;960;1000;0,4508446295676267;45;HPC;2021-01-03 12:05:00;3605;1
602;2;3;735;343;Schnelllader;840;1000;0,3954283725680488;45;HPC;2021-01-03 12:15:00;3615;1
603;2;3;745;344;Schnelllader;720;1000;0,4388714154775599;45;HPC;2021-01-03 12:25:00;3625;1
605;2;3;755;346;Schnelllader;720;1000;0,47421672806521;45;HPC;2021-01-03 12:35:00;3635;1
606;2;3;760;347;Schnelllader;840;1000;0,4421307062362364;45;HPC;2021-01-03 12:40:00;3640;1
611;2;3;785;352;Schnelllader;960;1000;0,3945744542454373;45;HPC;2021-01-03 13:05:00;3665;1
612;2;3;790;353;Schnelllader;960;1000;0,3613243681697248;45;HPC;2021-01-03 13:10:00;3670;1
613;2;3;800;354;Schnelllader;720;1000;0,4360141937398319;45;HPC;2021-01-03 13:20:00;3680;1
615;2;3;815;356;Schnelllader;960;1000;0,3990354729416465;45;HPC;2021-01-03 13:35:00;3695;1
618;2;3;860;359;Schnelllader;960;1000;0,3876651051810454;45;HPC;2021-01-03 14:20:00;3740;1
621;2;3;885;362;Schnelllader;960;1000;0,3882455558416706;45;HPC;2021-01-03 14:45:00;3765;1
628;2;3;915;369;Schnelllader;960;1000;0,4369644322306439;45;HPC;2021-01-03 15:15:00;3795;1
639;2;3;980;380;Schnelllader;840;1000;0,4142151675489415;45;HPC;2021-01-03 16:20:00;3860;1
644;2;3;1005;385;Schnelllader;960;1000;0,3708243074086316;45;HPC;2021-01-03 16:45:00;3885;1
730;2;4;515;471;Schnelllader;720;1000;0,4495535930929011;45;HPC;2021-01-04 08:35:00;4835;1
731;2;4;535;472;Schnelllader;960;1000;0,5427620714148051;45;HPC;2021-01-04 08:55:00;4855;1
732;2;4;555;473;Schnelllader;840;1000;0,44569102358209;45;HPC;2021-01-04 09:15:00;4875;1
734;2;4;575;475;Schnelllader;840;1000;0,4341092074973653;45;HPC;2021-01-04 09:35:00;4895;1
735;2;4;580;476;Schnelllader;840;1000;0,485580824153386;45;HPC;2021-01-04 09:40:00;4900;1
736;2;4;580;477;Schnelllader;960;1000;0,3622006590247491;45;HPC;2021-01-04 09:40:00;4900;1
737;2;4;590;478;Schnelllader;960;1000;0,3863214440667443;45;HPC;2021-01-04 09:50:00;4910;1
739;2;4;605;480;Schnelllader;840;1000;0,4125257789790464;45;HPC;2021-01-04 10:05:00;4925;1
740;2;4;630;481;Schnelllader;840;1000;0,413011108761285;45;HPC;2021-01-04 10:30:00;4950;1
741;2;4;630;482;Schnelllader;960;1000;0,3926446285603384;45;HPC;2021-01-04 10:30:00;4950;1
742;2;4;635;483;Schnelllader;840;1000;0,4059895580374951;45;HPC;2021-01-04 10:35:00;4955;1
743;2;4;640;484;Schnelllader;960;1000;0,478901958854977;45;HPC;2021-01-04 10:40:00;4960;1
745;2;4;645;486;Schnelllader;960;1000;0,4082087498404406;45;HPC;2021-01-04 10:45:00;4965;1
747;2;4;675;488;Schnelllader;840;1000;0,4633596382755395;45;HPC;2021-01-04 11:15:00;4995;1
748;2;4;680;489;Schnelllader;840;1000;0,5072071932311184;45;HPC;2021-01-04 11:20:00;5000;1
750;2;4;685;491;Schnelllader;840;1000;0,5010057694331027;45;HPC;2021-01-04 11:25:00;5005;1
753;2;4;715;494;Schnelllader;960;1000;0,4714683353598241;45;HPC;2021-01-04 11:55:00;5035;1
754;2;4;725;495;Schnelllader;840;1000;0,3942000987595206;45;HPC;2021-01-04 12:05:00;5045;1
755;2;4;730;496;Schnelllader;960;1000;0,4614789329717694;45;HPC;2021-01-04 12:10:00;5050;1
756;2;4;735;497;Schnelllader;960;1000;0,4589580768442589;45;HPC;2021-01-04 12:15:00;5055;1
757;2;4;735;498;Schnelllader;960;1000;0,4718807344617363;45;HPC;2021-01-04 12:15:00;5055;1
758;2;4;750;499;Schnelllader;960;1000;0,3864082116224165;45;HPC;2021-01-04 12:30:00;5070;1
759;2;4;755;500;Schnelllader;720;1000;0,4491171359159626;45;HPC;2021-01-04 12:35:00;5075;1
760;2;4;755;501;Schnelllader;840;1000;0,4344346975098896;45;HPC;2021-01-04 12:35:00;5075;1
761;2;4;755;502;Schnelllader;840;1000;0,396881521469517;45;HPC;2021-01-04 12:35:00;5075;1
765;2;4;770;506;Schnelllader;960;1000;0,4031321582417076;45;HPC;2021-01-04 12:50:00;5090;1
766;2;4;775;507;Schnelllader;960;1000;0,4032148333600466;45;HPC;2021-01-04 12:55:00;5095;1
775;2;4;830;516;Schnelllader;960;1000;0,3890179157437508;45;HPC;2021-01-04 13:50:00;5150;1
776;2;4;865;517;Schnelllader;840;1000;0,3882448519090945;45;HPC;2021-01-04 14:25:00;5185;1
789;2;4;955;530;Schnelllader;960;1000;0,3731267546171032;45;HPC;2021-01-04 15:55:00;5275;1
794;2;4;965;535;Schnelllader;960;1000;0,3785187832353119;45;HPC;2021-01-04 16:05:00;5285;1
827;2;4;1175;568;Schnelllader;960;1000;0,3678026326420929;45;HPC;2021-01-04 19:35:00;5495;1
886;2;5;475;627;Schnelllader;720;1000;0,4931843580458326;45;HPC;2021-01-05 07:55:00;6235;1
888;2;5;495;629;Schnelllader;960;1000;0,4542190318907008;45;HPC;2021-01-05 08:15:00;6255;1
889;2;5;550;630;Schnelllader;960;1000;0,5257121209349678;45;HPC;2021-01-05 09:10:00;6310;1
893;2;5;585;634;Schnelllader;960;1000;0,4082100931801957;45;HPC;2021-01-05 09:45:00;6345;1
894;2;5;590;635;Schnelllader;840;1000;0,4883135257035836;45;HPC;2021-01-05 09:50:00;6350;1
896;2;5;600;637;Schnelllader;600;1000;0,5201569041006215;45;HPC;2021-01-05 10:00:00;6360;1
897;2;5;605;638;Schnelllader;960;1000;0,3855407630095784;45;HPC;2021-01-05 10:05:00;6365;1
898;2;5;620;639;Schnelllader;960;1000;0,4121404041972867;45;HPC;2021-01-05 10:20:00;6380;1
899;2;5;625;640;Schnelllader;840;1000;0,4813647726689871;45;HPC;2021-01-05 10:25:00;6385;1
900;2;5;625;641;Schnelllader;960;1000;0,4261915815469863;45;HPC;2021-01-05 10:25:00;6385;1
902;2;5;645;643;Schnelllader;720;1000;0,4438827283131993;45;HPC;2021-01-05 10:45:00;6405;1
903;2;5;645;644;Schnelllader;840;1000;0,5109868242113541;45;HPC;2021-01-05 10:45:00;6405;1
904;2;5;680;645;Schnelllader;840;1000;0,383341434172959;45;HPC;2021-01-05 11:20:00;6440;1
905;2;5;680;646;Schnelllader;960;1000;0,4451626400620088;45;HPC;2021-01-05 11:20:00;6440;1
907;2;5;685;648;Schnelllader;960;1000;0,4350727377743374;45;HPC;2021-01-05 11:25:00;6445;1
909;2;5;695;650;Schnelllader;840;1000;0,4055207142309415;45;HPC;2021-01-05 11:35:00;6455;1
910;2;5;695;651;Schnelllader;960;1000;0,4975253951026399;45;HPC;2021-01-05 11:35:00;6455;1
912;2;5;705;653;Schnelllader;840;1000;0,4696960451484389;45;HPC;2021-01-05 11:45:00;6465;1
914;2;5;705;655;Schnelllader;960;1000;0,3716384416988421;45;HPC;2021-01-05 11:45:00;6465;1
915;2;5;720;656;Schnelllader;960;1000;0,3923976536315873;45;HPC;2021-01-05 12:00:00;6480;1
919;2;5;740;660;Schnelllader;720;1000;0,4624084179202967;45;HPC;2021-01-05 12:20:00;6500;1
920;2;5;750;661;Schnelllader;960;1000;0,428723611494759;45;HPC;2021-01-05 12:30:00;6510;1
921;2;5;765;662;Schnelllader;960;1000;0,4433098171717559;45;HPC;2021-01-05 12:45:00;6525;1
922;2;5;765;663;Schnelllader;840;1000;0,4646188605066502;45;HPC;2021-01-05 12:45:00;6525;1
925;2;5;775;666;Schnelllader;960;1000;0,361491637245896;45;HPC;2021-01-05 12:55:00;6535;1
927;2;5;795;668;Schnelllader;960;1000;0,4200413766565235;45;HPC;2021-01-05 13:15:00;6555;1
928;2;5;800;669;Schnelllader;840;1000;0,3821875356824187;45;HPC;2021-01-05 13:20:00;6560;1
929;2;5;805;670;Schnelllader;840;1000;0,4367757162015837;45;HPC;2021-01-05 13:25:00;6565;1
931;2;5;840;672;Schnelllader;960;1000;0,374115428406459;45;HPC;2021-01-05 14:00:00;6600;1
933;2;5;855;674;Schnelllader;960;1000;0,3601079704292205;45;HPC;2021-01-05 14:15:00;6615;1
936;2;5;885;677;Schnelllader;960;1000;0,403955250751465;45;HPC;2021-01-05 14:45:00;6645;1
937;2;5;890;678;Schnelllader;960;1000;0,3863084534917906;45;HPC;2021-01-05 14:50:00;6650;1
939;2;5;910;680;Schnelllader;960;1000;0,4377536700506412;45;HPC;2021-01-05 15:10:00;6670;1
947;2;5;1015;688;Schnelllader;840;1000;0,4106388887632715;45;HPC;2021-01-05 16:55:00;6775;1
1009;2;6;605;750;Schnelllader;600;1000;0,5208846441691132;45;HPC;2021-01-06 10:05:00;7805;1
1010;2;6;610;751;Schnelllader;960;1000;0,5194981420353575;45;HPC;2021-01-06 10:10:00;7810;1
1011;2;6;620;752;Schnelllader;840;1000;0,4462089174300763;45;HPC;2021-01-06 10:20:00;7820;1
1012;2;6;620;753;Schnelllader;840;1000;0,4760768699352463;45;HPC;2021-01-06 10:20:00;7820;1
1014;2;6;665;755;Schnelllader;840;1000;0,5079353090819488;45;HPC;2021-01-06 11:05:00;7865;1
1015;2;6;670;756;Schnelllader;960;1000;0,4468920996050057;45;HPC;2021-01-06 11:10:00;7870;1
1016;2;6;675;757;Schnelllader;960;1000;0,4285171742218804;45;HPC;2021-01-06 11:15:00;7875;1
1021;2;6;710;762;Schnelllader;840;1000;0,4207336565405406;45;HPC;2021-01-06 11:50:00;7910;1
1023;2;6;780;764;Schnelllader;600;1000;0,4704897165388607;45;HPC;2021-01-06 13:00:00;7980;1
1024;2;6;800;765;Schnelllader;720;1000;0,4235769969669212;45;HPC;2021-01-06 13:20:00;8000;1
1025;2;6;810;766;Schnelllader;720;1000;0,4233879596726636;45;HPC;2021-01-06 13:30:00;8010;1
1030;2;6;980;771;Schnelllader;960;1000;0,3531376493791871;45;HPC;2021-01-06 16:20:00;8180;1
1062;2;7;670;803;Schnelllader;840;1000;0,4841633542336309;45;HPC;2021-01-07 11:10:00;9310;1
1063;2;7;735;804;Schnelllader;960;1000;0,4769576887746518;45;HPC;2021-01-07 12:15:00;9375;1
1064;2;7;745;805;Schnelllader;960;1000;0,3622849897586109;45;HPC;2021-01-07 12:25:00;9385;1
1065;2;7;765;806;Schnelllader;840;1000;0,4515111195812163;45;HPC;2021-01-07 12:45:00;9405;1
1067;2;7;825;808;Schnelllader;960;1000;0,3911093510030849;45;HPC;2021-01-07 13:45:00;9465;1
265;2;1;550;6;Schnelllader;840;1000;0,377230519473238;45;MCS;2021-01-01 09:10:00;550;1
266;2;1;555;7;Schnelllader;720;1000;0,3808870870179595;45;MCS;2021-01-01 09:15:00;555;1
269;2;1;580;10;Schnelllader;720;1000;0,3411747869466827;45;MCS;2021-01-01 09:40:00;580;1
273;2;1;625;14;Schnelllader;960;1000;0,3400275563471617;45;MCS;2021-01-01 10:25:00;625;1
274;2;1;635;15;Schnelllader;720;1000;0,3375906403258418;45;MCS;2021-01-01 10:35:00;635;1
275;2;1;645;16;Schnelllader;840;1000;0,3546773973012446;45;MCS;2021-01-01 10:45:00;645;0
281;2;1;660;22;Schnelllader;840;1000;0,3696614653038738;45;MCS;2021-01-01 11:00:00;660;1
283;2;1;660;24;Schnelllader;600;1000;0,4628067232852741;45;MCS;2021-01-01 11:00:00;660;0
287;2;1;680;28;Schnelllader;960;1000;0,3158366270122569;45;MCS;2021-01-01 11:20:00;680;1
290;2;1;690;31;Schnelllader;960;1000;0,3288948226262789;45;MCS;2021-01-01 11:30:00;690;1
295;2;1;720;36;Schnelllader;840;1000;0,3695345432929898;45;MCS;2021-01-01 12:00:00;720;1
296;2;1;720;37;Schnelllader;840;1000;0,357661624091198;45;MCS;2021-01-01 12:00:00;720;0
300;2;1;735;41;Schnelllader;600;1000;0,4020982584750674;45;MCS;2021-01-01 12:15:00;735;1
302;2;1;755;43;Schnelllader;960;1000;0,3404846866862585;45;MCS;2021-01-01 12:35:00;755;1
305;2;1;770;46;Schnelllader;960;1000;0,3027164146653268;45;MCS;2021-01-01 12:50:00;770;1
307;2;1;795;48;Schnelllader;960;1000;0,2883523277644062;45;MCS;2021-01-01 13:15:00;795;1
315;2;1;815;56;Schnelllader;960;1000;0,3486653294319363;45;MCS;2021-01-01 13:35:00;815;0
316;2;1;835;57;Schnelllader;960;1000;0,288847609168151;45;MCS;2021-01-01 13:55:00;835;1
317;2;1;835;58;Schnelllader;960;1000;0,3111209645879964;45;MCS;2021-01-01 13:55:00;835;1
318;2;1;865;59;Schnelllader;720;1000;0,3020418883639204;45;MCS;2021-01-01 14:25:00;865;1
320;2;1;895;61;Schnelllader;840;1000;0,3375525493876456;45;MCS;2021-01-01 14:55:00;895;1
322;2;1;910;63;Schnelllader;960;1000;0,2955598117813905;45;MCS;2021-01-01 15:10:00;910;1
324;2;1;925;65;Schnelllader;840;1000;0,2720480491861425;45;MCS;2021-01-01 15:25:00;925;1
326;2;1;940;67;Schnelllader;720;1000;0,3581430092765711;45;MCS;2021-01-01 15:40:00;940;0
327;2;1;945;68;Schnelllader;840;1000;0,361852857583906;45;MCS;2021-01-01 15:45:00;945;1
329;2;1;955;70;Schnelllader;840;1000;0,2862127281645752;45;MCS;2021-01-01 15:55:00;955;0
331;2;1;960;72;Schnelllader;720;1000;0,24148516269685;45;MCS;2021-01-01 16:00:00;960;1
332;2;1;960;73;Schnelllader;840;1000;0,2980487781633921;45;MCS;2021-01-01 16:00:00;960;0
334;2;1;970;75;Schnelllader;600;1000;0,2774698219362642;45;MCS;2021-01-01 16:10:00;970;0
335;2;1;980;76;Schnelllader;840;1000;0,229222036764168;45;MCS;2021-01-01 16:20:00;980;1
336;2;1;985;77;Schnelllader;960;1000;0,2707918949507267;45;MCS;2021-01-01 16:25:00;985;0
338;2;1;1000;79;Schnelllader;840;1000;0,2715775370866404;45;MCS;2021-01-01 16:40:00;1000;1
339;2;1;1020;80;Schnelllader;720;1000;0,2620365562093453;45;MCS;2021-01-01 17:00:00;1020;1
340;2;1;1025;81;Schnelllader;960;1000;0,2184191985006967;45;MCS;2021-01-01 17:05:00;1025;0
341;2;1;1030;82;Schnelllader;600;1000;0,2472071933739502;45;MCS;2021-01-01 17:10:00;1030;1
346;2;1;1060;87;Schnelllader;960;1000;0,2576290274459926;45;MCS;2021-01-01 17:40:00;1060;1
358;2;1;1160;99;Schnelllader;840;1000;0,1761264046009205;45;MCS;2021-01-01 19:20:00;1160;1
361;2;1;1180;102;Schnelllader;960;1000;0,2490367059236909;45;MCS;2021-01-01 19:40:00;1180;1
362;2;1;1180;103;Schnelllader;960;1000;0,2108842543521206;45;MCS;2021-01-01 19:40:00;1180;0
364;2;1;1185;105;Schnelllader;960;1000;0,1931325362406533;45;MCS;2021-01-01 19:45:00;1185;1
365;2;1;1185;106;Schnelllader;720;1000;0,3650804361407104;45;MCS;2021-01-01 19:45:00;1185;0
366;2;1;1190;107;Schnelllader;960;1000;0,2306200946486511;45;MCS;2021-01-01 19:50:00;1190;0
368;2;1;1200;109;Schnelllader;720;1000;0,3532230924267265;45;MCS;2021-01-01 20:00:00;1200;0
369;2;1;1205;110;Schnelllader;960;1000;0,2663676114252144;45;MCS;2021-01-01 20:05:00;1205;0
370;2;1;1205;111;Schnelllader;600;1000;0,1668538821700774;45;MCS;2021-01-01 20:05:00;1205;0
373;2;1;1225;114;Schnelllader;840;1000;0,316971051189463;45;MCS;2021-01-01 20:25:00;1225;1
374;2;1;1230;115;Schnelllader;720;1000;0,1966279280964014;45;MCS;2021-01-01 20:30:00;1230;1
376;2;1;1240;117;Schnelllader;600;1000;0,1763502165780282;45;MCS;2021-01-01 20:40:00;1240;1
377;2;1;1240;118;Schnelllader;840;1000;0,1595891957171598;45;MCS;2021-01-01 20:40:00;1240;0
379;2;1;1245;120;Schnelllader;960;1000;0,2928477268626797;45;MCS;2021-01-01 20:45:00;1245;0
380;2;1;1250;121;Schnelllader;960;1000;0,1861150690254667;45;MCS;2021-01-01 20:50:00;1250;0
384;2;1;1260;125;Schnelllader;960;1000;0,2602266367178418;45;MCS;2021-01-01 21:00:00;1260;0
387;2;1;1275;128;Schnelllader;960;1000;0,1508853622737011;45;MCS;2021-01-01 21:15:00;1275;1
388;2;1;1275;129;Schnelllader;960;1000;0,2378428433314927;45;MCS;2021-01-01 21:15:00;1275;0
400;2;1;1420;141;Schnelllader;600;1000;0,2028390020662485;45;MCS;2021-01-01 23:40:00;1420;1
402;2;1;1425;143;Schnelllader;960;1000;0,171142363090342;45;MCS;2021-01-01 23:45:00;1425;1
408;2;2;510;149;Schnelllader;840;1000;0,3716893775589117;45;MCS;2021-01-02 08:30:00;1950;1
411;2;2;560;152;Schnelllader;600;1000;0,3947365777022427;45;MCS;2021-01-02 09:20:00;2000;1
412;2;2;560;153;Schnelllader;720;1000;0,4047859883182381;45;MCS;2021-01-02 09:20:00;2000;1
413;2;2;565;154;Schnelllader;840;1000;0,3575156994310041;45;MCS;2021-01-02 09:25:00;2005;1
419;2;2;610;160;Schnelllader;960;1000;0,3412704167981127;45;MCS;2021-01-02 10:10:00;2050;1
423;2;2;630;164;Schnelllader;720;1000;0,3775499223033979;45;MCS;2021-01-02 10:30:00;2070;1
424;2;2;635;165;Schnelllader;840;1000;0,3472371584405101;45;MCS;2021-01-02 10:35:00;2075;0
425;2;2;635;166;Schnelllader;600;1000;0,412639805656687;45;MCS;2021-01-02 10:35:00;2075;0
426;2;2;640;167;Schnelllader;960;1000;0,3273052358982504;45;MCS;2021-01-02 10:40:00;2080;1
433;2;2;685;174;Schnelllader;840;1000;0,3228391847536887;45;MCS;2021-01-02 11:25:00;2125;1
436;2;2;690;177;Schnelllader;840;1000;0,3214993494660025;45;MCS;2021-01-02 11:30:00;2130;1
438;2;2;700;179;Schnelllader;840;1000;0,3609745803923846;45;MCS;2021-01-02 11:40:00;2140;1
443;2;2;760;184;Schnelllader;960;1000;0,3074841656898432;45;MCS;2021-01-02 12:40:00;2200;1
446;2;2;780;187;Schnelllader;840;1000;0,3613645561793801;45;MCS;2021-01-02 13:00:00;2220;1
449;2;2;805;190;Schnelllader;720;1000;0,2989772186673894;45;MCS;2021-01-02 13:25:00;2245;1
451;2;2;815;192;Schnelllader;960;1000;0,3409869985093926;45;MCS;2021-01-02 13:35:00;2255;1
452;2;2;815;193;Schnelllader;960;1000;0,3271655594470103;45;MCS;2021-01-02 13:35:00;2255;0
454;2;2;820;195;Schnelllader;960;1000;0,3105049453400673;45;MCS;2021-01-02 13:40:00;2260;0
455;2;2;820;196;Schnelllader;960;1000;0,320142854517526;45;MCS;2021-01-02 13:40:00;2260;0
456;2;2;835;197;Schnelllader;840;1000;0,3137088261748654;45;MCS;2021-01-02 13:55:00;2275;1
459;2;2;855;200;Schnelllader;840;1000;0,2657284131612871;45;MCS;2021-01-02 14:15:00;2295;1
465;2;2;875;206;Schnelllader;720;1000;0,3786311468636238;45;MCS;2021-01-02 14:35:00;2315;1
466;2;2;890;207;Schnelllader;840;1000;0,2683732998289667;45;MCS;2021-01-02 14:50:00;2330;1
467;2;2;890;208;Schnelllader;720;1000;0,3182006352862572;45;MCS;2021-01-02 14:50:00;2330;0
468;2;2;900;209;Schnelllader;600;1000;0,4353211384589923;45;MCS;2021-01-02 15:00:00;2340;0
470;2;2;910;211;Schnelllader;600;1000;0,3870121038901832;45;MCS;2021-01-02 15:10:00;2350;1
473;2;2;925;214;Schnelllader;960;1000;0,2429541694838367;45;MCS;2021-01-02 15:25:00;2365;0
475;2;2;935;216;Schnelllader;960;1000;0,2442774119393673;45;MCS;2021-01-02 15:35:00;2375;1
476;2;2;945;217;Schnelllader;960;1000;0,3231230838379181;45;MCS;2021-01-02 15:45:00;2385;1
480;2;2;975;221;Schnelllader;840;1000;0,3702301348446387;45;MCS;2021-01-02 16:15:00;2415;1
483;2;2;1005;224;Schnelllader;840;1000;0,2981188795925588;45;MCS;2021-01-02 16:45:00;2445;1
484;2;2;1010;225;Schnelllader;840;1000;0,3224805321872226;45;MCS;2021-01-02 16:50:00;2450;1
486;2;2;1015;227;Schnelllader;600;1000;0,3954061097899974;45;MCS;2021-01-02 16:55:00;2455;0
488;2;2;1020;229;Schnelllader;600;1000;0,2881052687447522;45;MCS;2021-01-02 17:00:00;2460;0
489;2;2;1025;230;Schnelllader;720;1000;0,2780380128449389;45;MCS;2021-01-02 17:05:00;2465;1
490;2;2;1025;231;Schnelllader;720;1000;0,2917728811308316;45;MCS;2021-01-02 17:05:00;2465;0
492;2;2;1035;233;Schnelllader;960;1000;0,3340980692019228;45;MCS;2021-01-02 17:15:00;2475;0
496;2;2;1050;237;Schnelllader;720;1000;0,2422876695391254;45;MCS;2021-01-02 17:30:00;2490;0
497;2;2;1055;238;Schnelllader;960;1000;0,3399026771554493;45;MCS;2021-01-02 17:35:00;2495;1
499;2;2;1060;240;Schnelllader;840;1000;0,375224479437841;45;MCS;2021-01-02 17:40:00;2500;1
502;2;2;1075;243;Schnelllader;960;1000;0,2324083815801899;45;MCS;2021-01-02 17:55:00;2515;0
503;2;2;1075;244;Schnelllader;840;1000;0,2203753846189487;45;MCS;2021-01-02 17:55:00;2515;0
505;2;2;1080;246;Schnelllader;720;1000;0,3794065041331282;45;MCS;2021-01-02 18:00:00;2520;1
507;2;2;1105;248;Schnelllader;840;1000;0,3663031122602695;45;MCS;2021-01-02 18:25:00;2545;1
511;2;2;1125;252;Schnelllader;960;1000;0,3445627297717269;45;MCS;2021-01-02 18:45:00;2565;1
514;2;2;1150;255;Schnelllader;720;1000;0,3167364451562977;45;MCS;2021-01-02 19:10:00;2590;0
515;2;2;1150;256;Schnelllader;720;1000;0,3097415551001752;45;MCS;2021-01-02 19:10:00;2590;0
516;2;2;1155;257;Schnelllader;720;1000;0,2386723917847147;45;MCS;2021-01-02 19:15:00;2595;1
517;2;2;1155;258;Schnelllader;960;1000;0,216630048848962;45;MCS;2021-01-02 19:15:00;2595;0
519;2;2;1160;260;Schnelllader;840;1000;0,2830322553350509;45;MCS;2021-01-02 19:20:00;2600;1
520;2;2;1160;261;Schnelllader;840;1000;0,2852453084312523;45;MCS;2021-01-02 19:20:00;2600;0
521;2;2;1165;262;Schnelllader;960;1000;0,3174246152452988;45;MCS;2021-01-02 19:25:00;2605;0
522;2;2;1170;263;Schnelllader;840;1000;0,188422969276935;45;MCS;2021-01-02 19:30:00;2610;0
523;2;2;1170;264;Schnelllader;840;1000;0,1964418110741217;45;MCS;2021-01-02 19:30:00;2610;0
527;2;2;1190;268;Schnelllader;960;1000;0,3190047981885997;45;MCS;2021-01-02 19:50:00;2630;1
529;2;2;1195;270;Schnelllader;720;1000;0,263855571289607;45;MCS;2021-01-02 19:55:00;2635;0
534;2;2;1205;275;Schnelllader;720;1000;0,3179193705583483;45;MCS;2021-01-02 20:05:00;2645;1
535;2;2;1205;276;Schnelllader;840;1000;0,3080338139532615;45;MCS;2021-01-02 20:05:00;2645;0
536;2;2;1205;277;Schnelllader;960;1000;0,2535479711267718;45;MCS;2021-01-02 20:05:00;2645;0
537;2;2;1205;278;Schnelllader;840;1000;0,1980299578894772;45;MCS;2021-01-02 20:05:00;2645;0
539;2;2;1210;280;Schnelllader;720;1000;0,2502610510005331;45;MCS;2021-01-02 20:10:00;2650;1
540;2;2;1210;281;Schnelllader;840;1000;0,3176770968116547;45;MCS;2021-01-02 20:10:00;2650;0
545;2;2;1240;286;Schnelllader;960;1000;0,1949324378011333;45;MCS;2021-01-02 20:40:00;2680;1
547;2;2;1255;288;Schnelllader;720;1000;0,1606534780579121;45;MCS;2021-01-02 20:55:00;2695;1
559;2;2;1345;300;Schnelllader;720;1000;0,1907791583542213;45;MCS;2021-01-02 22:25:00;2785;1
560;2;2;1365;301;Schnelllader;720;1000;0,1996668012630086;45;MCS;2021-01-02 22:45:00;2805;1
562;2;2;1380;303;Schnelllader;840;1000;0,1216218382824965;45;MCS;2021-01-02 23:00:00;2820;1
564;2;2;1420;305;Schnelllader;720;1000;0,2973586324293567;45;MCS;2021-01-02 23:40:00;2860;1
568;2;3;330;309;Schnelllader;960;1000;0,2239178674919681;45;MCS;2021-01-03 05:30:00;3210;1
569;2;3;545;310;Schnelllader;720;1000;0,3638343334952855;45;MCS;2021-01-03 09:05:00;3425;1
570;2;3;555;311;Schnelllader;840;1000;0,349438352778271;45;MCS;2021-01-03 09:15:00;3435;1
578;2;3;605;319;Schnelllader;600;1000;0,3330216950469775;45;MCS;2021-01-03 10:05:00;3485;0
579;2;3;610;320;Schnelllader;840;1000;0,3409101858487958;45;MCS;2021-01-03 10:10:00;3490;1
584;2;3;635;325;Schnelllader;720;1000;0,3616940979719875;45;MCS;2021-01-03 10:35:00;3515;1
586;2;3;645;327;Schnelllader;840;1000;0,3355203027514249;45;MCS;2021-01-03 10:45:00;3525;1
588;2;3;650;329;Schnelllader;720;1000;0,3422769878844857;45;MCS;2021-01-03 10:50:00;3530;0
590;2;3;660;331;Schnelllader;600;1000;0,3415457546909124;45;MCS;2021-01-03 11:00:00;3540;0
591;2;3;665;332;Schnelllader;960;1000;0,3486218670668168;45;MCS;2021-01-03 11:05:00;3545;1
594;2;3;685;335;Schnelllader;600;1000;0,4278450588127477;45;MCS;2021-01-03 11:25:00;3565;1
597;2;3;705;338;Schnelllader;600;1000;0,454657964624427;45;MCS;2021-01-03 11:45:00;3585;1
600;2;3;715;341;Schnelllader;600;1000;0,3521411367471811;45;MCS;2021-01-03 11:55:00;3595;1
604;2;3;745;345;Schnelllader;720;1000;0,378203873234775;45;MCS;2021-01-03 12:25:00;3625;1
607;2;3;775;348;Schnelllader;720;1000;0,3658259505057854;45;MCS;2021-01-03 12:55:00;3655;1
608;2;3;775;349;Schnelllader;720;1000;0,3694153765888392;45;MCS;2021-01-03 12:55:00;3655;0
609;2;3;780;350;Schnelllader;840;1000;0,3604952557140071;45;MCS;2021-01-03 13:00:00;3660;0
610;2;3;785;351;Schnelllader;960;1000;0,321337452439111;45;MCS;2021-01-03 13:05:00;3665;1
614;2;3;810;355;Schnelllader;600;1000;0,3694688303270647;45;MCS;2021-01-03 13:30:00;3690;1
616;2;3;825;357;Schnelllader;960;1000;0,3199341244092102;45;MCS;2021-01-03 13:45:00;3705;1
617;2;3;845;358;Schnelllader;720;1000;0,2652663239654186;45;MCS;2021-01-03 14:05:00;3725;1
619;2;3;870;360;Schnelllader;960;1000;0,3437701405230359;45;MCS;2021-01-03 14:30:00;3750;1
620;2;3;880;361;Schnelllader;600;1000;0,4529393707705954;45;MCS;2021-01-03 14:40:00;3760;1
622;2;3;890;363;Schnelllader;600;1000;0,2808338001634083;45;MCS;2021-01-03 14:50:00;3770;0
623;2;3;890;364;Schnelllader;960;1000;0,3388397995910981;45;MCS;2021-01-03 14:50:00;3770;0
624;2;3;895;365;Schnelllader;960;1000;0,3346166767780743;45;MCS;2021-01-03 14:55:00;3775;0
625;2;3;900;366;Schnelllader;960;1000;0,2563902446863272;45;MCS;2021-01-03 15:00:00;3780;0
626;2;3;900;367;Schnelllader;720;1000;0,3302191205201413;45;MCS;2021-01-03 15:00:00;3780;0
627;2;3;905;368;Schnelllader;720;1000;0,2896403744034475;45;MCS;2021-01-03 15:05:00;3785;1
629;2;3;915;370;Schnelllader;720;1000;0,3346754669119922;45;MCS;2021-01-03 15:15:00;3795;0
630;2;3;920;371;Schnelllader;720;1000;0,3890142592059349;45;MCS;2021-01-03 15:20:00;3800;1
631;2;3;920;372;Schnelllader;960;1000;0,2434459227085825;45;MCS;2021-01-03 15:20:00;3800;0
632;2;3;930;373;Schnelllader;840;1000;0,3773770604100182;45;MCS;2021-01-03 15:30:00;3810;1
633;2;3;945;374;Schnelllader;600;1000;0,3476969175919047;45;MCS;2021-01-03 15:45:00;3825;0
634;2;3;955;375;Schnelllader;840;1000;0,334272109383256;45;MCS;2021-01-03 15:55:00;3835;1
635;2;3;970;376;Schnelllader;960;1000;0,3448845316414493;45;MCS;2021-01-03 16:10:00;3850;1
636;2;3;970;377;Schnelllader;840;1000;0,3636935874452724;45;MCS;2021-01-03 16:10:00;3850;0
637;2;3;980;378;Schnelllader;960;1000;0,2868507241573223;45;MCS;2021-01-03 16:20:00;3860;0
638;2;3;980;379;Schnelllader;720;1000;0,3805267561275576;45;MCS;2021-01-03 16:20:00;3860;0
641;2;3;985;382;Schnelllader;720;1000;0,3542402184796306;45;MCS;2021-01-03 16:25:00;3865;0
642;2;3;1005;383;Schnelllader;840;1000;0,3504707844411565;45;MCS;2021-01-03 16:45:00;3885;1
643;2;3;1005;384;Schnelllader;960;1000;0,3413867169520123;45;MCS;2021-01-03 16:45:00;3885;0
646;2;3;1015;387;Schnelllader;960;1000;0,272981357847832;45;MCS;2021-01-03 16:55:00;3895;1
647;2;3;1020;388;Schnelllader;720;1000;0,254019526551948;45;MCS;2021-01-03 17:00:00;3900;1
649;2;3;1025;390;Schnelllader;720;1000;0,3658745324443472;45;MCS;2021-01-03 17:05:00;3905;0
650;2;3;1025;391;Schnelllader;960;1000;0,2484857538939413;45;MCS;2021-01-03 17:05:00;3905;0
652;2;3;1060;393;Schnelllader;600;1000;0,3999357850526828;45;MCS;2021-01-03 17:40:00;3940;1
656;2;3;1090;397;Schnelllader;720;1000;0,3931619902698727;45;MCS;2021-01-03 18:10:00;3970;1
657;2;3;1090;398;Schnelllader;840;1000;0,3720391560930149;45;MCS;2021-01-03 18:10:00;3970;0
658;2;3;1095;399;Schnelllader;720;1000;0,3896594180994494;45;MCS;2021-01-03 18:15:00;3975;0
659;2;3;1100;400;Schnelllader;960;1000;0,3458609787282679;45;MCS;2021-01-03 18:20:00;3980;1
661;2;3;1105;402;Schnelllader;960;1000;0,2612502817004128;45;MCS;2021-01-03 18:25:00;3985;0
663;2;3;1125;404;Schnelllader;720;1000;0,274947968490108;45;MCS;2021-01-03 18:45:00;4005;0
664;2;3;1130;405;Schnelllader;960;1000;0,2153816335338707;45;MCS;2021-01-03 18:50:00;4010;1
667;2;3;1145;408;Schnelllader;840;1000;0,3578169377880469;45;MCS;2021-01-03 19:05:00;4025;1
668;2;3;1145;409;Schnelllader;960;1000;0,2424813791496025;45;MCS;2021-01-03 19:05:00;4025;0
669;2;3;1145;410;Schnelllader;840;1000;0,3209361869481831;45;MCS;2021-01-03 19:05:00;4025;0
670;2;3;1150;411;Schnelllader;840;1000;0,1965981279646264;45;MCS;2021-01-03 19:10:00;4030;0
671;2;3;1155;412;Schnelllader;960;1000;0,2351644073401929;45;MCS;2021-01-03 19:15:00;4035;1
672;2;3;1160;413;Schnelllader;720;1000;0,2668373773475785;45;MCS;2021-01-03 19:20:00;4040;0
674;2;3;1165;415;Schnelllader;960;1000;0,3050957214663005;45;MCS;2021-01-03 19:25:00;4045;0
677;2;3;1170;418;Schnelllader;960;1000;0,2151022732621344;45;MCS;2021-01-03 19:30:00;4050;0
683;2;3;1185;424;Schnelllader;840;1000;0,3147603089532501;45;MCS;2021-01-03 19:45:00;4065;1
684;2;3;1190;425;Schnelllader;840;1000;0,3124981354323226;45;MCS;2021-01-03 19:50:00;4070;0
688;2;3;1200;429;Schnelllader;960;1000;0,3333028677380556;45;MCS;2021-01-03 20:00:00;4080;1
691;2;3;1210;432;Schnelllader;840;1000;0,3295867133583617;45;MCS;2021-01-03 20:10:00;4090;0
692;2;3;1220;433;Schnelllader;720;1000;0,2483569297642645;45;MCS;2021-01-03 20:20:00;4100;0
694;2;3;1230;435;Schnelllader;840;1000;0,1599646793550979;45;MCS;2021-01-03 20:30:00;4110;1
695;2;3;1235;436;Schnelllader;720;1000;0,2041092399699012;45;MCS;2021-01-03 20:35:00;4115;1
701;2;3;1270;442;Schnelllader;840;1000;0,1962593517731547;45;MCS;2021-01-03 21:10:00;4150;1
703;2;3;1295;444;Schnelllader;960;1000;0,1511916032712842;45;MCS;2021-01-03 21:35:00;4175;1
707;2;3;1300;448;Schnelllader;960;1000;0,2335708087852724;45;MCS;2021-01-03 21:40:00;4180;0
708;2;3;1300;449;Schnelllader;720;1000;0,2095881502604168;45;MCS;2021-01-03 21:40:00;4180;0
710;2;3;1305;451;Schnelllader;960;1000;0,2466336366923684;45;MCS;2021-01-03 21:45:00;4185;1
722;2;3;1370;463;Schnelllader;840;1000;0,3038776132994238;45;MCS;2021-01-03 22:50:00;4250;1
725;2;3;1420;466;Schnelllader;960;1000;0,1760619061013696;45;MCS;2021-01-03 23:40:00;4300;1
726;2;3;1430;467;Schnelllader;960;1000;0,2862226662687115;45;MCS;2021-01-03 23:50:00;4310;1
733;2;4;565;474;Schnelllader;720;1000;0,4025892802481447;45;MCS;2021-01-04 09:25:00;4885;1
738;2;4;605;479;Schnelllader;960;1000;0,3466360028163807;45;MCS;2021-01-04 10:05:00;4925;1
744;2;4;645;485;Schnelllader;600;1000;0,3747628615582611;45;MCS;2021-01-04 10:45:00;4965;1
746;2;4;650;487;Schnelllader;840;1000;0,3203413221461808;45;MCS;2021-01-04 10:50:00;4970;1
749;2;4;685;490;Schnelllader;600;1000;0,3155442725001642;45;MCS;2021-01-04 11:25:00;5005;1
751;2;4;695;492;Schnelllader;600;1000;0,4643156557400381;45;MCS;2021-01-04 11:35:00;5015;1
752;2;4;705;493;Schnelllader;840;1000;0,3415247673409743;45;MCS;2021-01-04 11:45:00;5025;1
762;2;4;755;503;Schnelllader;600;1000;0,3426495384261566;45;MCS;2021-01-04 12:35:00;5075;1
763;2;4;760;504;Schnelllader;960;1000;0,3180919494446647;45;MCS;2021-01-04 12:40:00;5080;0
764;2;4;770;505;Schnelllader;720;1000;0,3788986710013027;45;MCS;2021-01-04 12:50:00;5090;1
767;2;4;785;508;Schnelllader;720;1000;0,3714473017911084;45;MCS;2021-01-04 13:05:00;5105;1
768;2;4;785;509;Schnelllader;960;1000;0,2879992025149823;45;MCS;2021-01-04 13:05:00;5105;0
769;2;4;790;510;Schnelllader;600;1000;0,3108049872926388;45;MCS;2021-01-04 13:10:00;5110;0
770;2;4;795;511;Schnelllader;960;1000;0,2948185533591542;45;MCS;2021-01-04 13:15:00;5115;0
771;2;4;795;512;Schnelllader;720;1000;0,3617656357077662;45;MCS;2021-01-04 13:15:00;5115;0
772;2;4;820;513;Schnelllader;840;1000;0,3337893175582238;45;MCS;2021-01-04 13:40:00;5140;1
773;2;4;820;514;Schnelllader;960;1000;0,3341733636642278;45;MCS;2021-01-04 13:40:00;5140;1
774;2;4;820;515;Schnelllader;720;1000;0,2989188288163817;45;MCS;2021-01-04 13:40:00;5140;0
777;2;4;865;518;Schnelllader;960;1000;0,3381557601308648;45;MCS;2021-01-04 14:25:00;5185;1
778;2;4;885;519;Schnelllader;720;1000;0,2730449605616695;45;MCS;2021-01-04 14:45:00;5205;1
779;2;4;885;520;Schnelllader;720;1000;0,2533011598320842;45;MCS;2021-01-04 14:45:00;5205;0
780;2;4;885;521;Schnelllader;960;1000;0,3108977646416243;45;MCS;2021-01-04 14:45:00;5205;0
781;2;4;885;522;Schnelllader;840;1000;0,3506650960002364;45;MCS;2021-01-04 14:45:00;5205;0
782;2;4;890;523;Schnelllader;960;1000;0,2635281818573284;45;MCS;2021-01-04 14:50:00;5210;1
785;2;4;910;526;Schnelllader;960;1000;0,2645068940390881;45;MCS;2021-01-04 15:10:00;5230;0
786;2;4;920;527;Schnelllader;720;1000;0,3507409624820008;45;MCS;2021-01-04 15:20:00;5240;1
787;2;4;925;528;Schnelllader;960;1000;0,3104554078061015;45;MCS;2021-01-04 15:25:00;5245;0
788;2;4;945;529;Schnelllader;600;1000;0,4344875032382619;45;MCS;2021-01-04 15:45:00;5265;1
790;2;4;955;531;Schnelllader;960;1000;0,3076659815839204;45;MCS;2021-01-04 15:55:00;5275;1
792;2;4;965;533;Schnelllader;840;1000;0,2892475615417234;45;MCS;2021-01-04 16:05:00;5285;0
793;2;4;965;534;Schnelllader;960;1000;0,2527865994119133;45;MCS;2021-01-04 16:05:00;5285;0
795;2;4;970;536;Schnelllader;600;1000;0,3657179826985214;45;MCS;2021-01-04 16:10:00;5290;1
796;2;4;980;537;Schnelllader;720;1000;0,2817366431031948;45;MCS;2021-01-04 16:20:00;5300;0
797;2;4;990;538;Schnelllader;960;1000;0,2630624215644866;45;MCS;2021-01-04 16:30:00;5310;0
799;2;4;1000;540;Schnelllader;840;1000;0,2341864432267547;45;MCS;2021-01-04 16:40:00;5320;1
800;2;4;1005;541;Schnelllader;600;1000;0,4012573895152473;45;MCS;2021-01-04 16:45:00;5325;1
803;2;4;1015;544;Schnelllader;600;1000;0,3431804634909486;45;MCS;2021-01-04 16:55:00;5335;0
804;2;4;1040;545;Schnelllader;840;1000;0,2638762348510837;45;MCS;2021-01-04 17:20:00;5360;1
805;2;4;1045;546;Schnelllader;840;1000;0,3285558498905381;45;MCS;2021-01-04 17:25:00;5365;0
806;2;4;1055;547;Schnelllader;960;1000;0,2795105774040242;45;MCS;2021-01-04 17:35:00;5375;1
807;2;4;1055;548;Schnelllader;840;1000;0,2327105935156721;45;MCS;2021-01-04 17:35:00;5375;1
809;2;4;1090;550;Schnelllader;960;1000;0,3014773257530725;45;MCS;2021-01-04 18:10:00;5410;1
813;2;4;1110;554;Schnelllader;840;1000;0,1988285671956707;45;MCS;2021-01-04 18:30:00;5430;1
816;2;4;1120;557;Schnelllader;600;1000;0,2781046017763781;45;MCS;2021-01-04 18:40:00;5440;1
818;2;4;1135;559;Schnelllader;840;1000;0,3025846862030263;45;MCS;2021-01-04 18:55:00;5455;0
820;2;4;1145;561;Schnelllader;960;1000;0,312396980695199;45;MCS;2021-01-04 19:05:00;5465;1
821;2;4;1150;562;Schnelllader;840;1000;0,2672839032803165;45;MCS;2021-01-04 19:10:00;5470;0
822;2;4;1150;563;Schnelllader;720;1000;0,2331535136502714;45;MCS;2021-01-04 19:10:00;5470;0
825;2;4;1175;566;Schnelllader;960;1000;0,1713130210382946;45;MCS;2021-01-04 19:35:00;5495;1
826;2;4;1175;567;Schnelllader;960;1000;0,3425124675322568;45;MCS;2021-01-04 19:35:00;5495;0
828;2;4;1180;569;Schnelllader;960;1000;0,2576882700624848;45;MCS;2021-01-04 19:40:00;5500;1
831;2;4;1190;572;Schnelllader;960;1000;0,305298565333845;45;MCS;2021-01-04 19:50:00;5510;0
833;2;4;1195;574;Schnelllader;960;1000;0,2989609366452813;45;MCS;2021-01-04 19:55:00;5515;1
834;2;4;1205;575;Schnelllader;840;1000;0,2719296440375577;45;MCS;2021-01-04 20:05:00;5525;0
835;2;4;1210;576;Schnelllader;840;1000;0,1837160780823873;45;MCS;2021-01-04 20:10:00;5530;0
836;2;4;1210;577;Schnelllader;840;1000;0,2599093160680237;45;MCS;2021-01-04 20:10:00;5530;0
837;2;4;1210;578;Schnelllader;960;1000;0,3059946110932187;45;MCS;2021-01-04 20:10:00;5530;0
838;2;4;1215;579;Schnelllader;960;1000;0,2741544704096644;45;MCS;2021-01-04 20:15:00;5535;0
839;2;4;1215;580;Schnelllader;960;1000;0,284481191631888;45;MCS;2021-01-04 20:15:00;5535;0
841;2;4;1225;582;Schnelllader;960;1000;0,1940660359057429;45;MCS;2021-01-04 20:25:00;5545;1
842;2;4;1230;583;Schnelllader;720;1000;0,1688887688711549;45;MCS;2021-01-04 20:30:00;5550;1
843;2;4;1230;584;Schnelllader;840;1000;0,1788277920401051;45;MCS;2021-01-04 20:30:00;5550;0
844;2;4;1235;585;Schnelllader;720;1000;0,2883464623811668;45;MCS;2021-01-04 20:35:00;5555;0
845;2;4;1235;586;Schnelllader;720;1000;0,2880400525876156;45;MCS;2021-01-04 20:35:00;5555;0
846;2;4;1235;587;Schnelllader;840;1000;0,2970065288933712;45;MCS;2021-01-04 20:35:00;5555;0
848;2;4;1240;589;Schnelllader;840;1000;0,3035923807193568;45;MCS;2021-01-04 20:40:00;5560;0
854;2;4;1270;595;Schnelllader;960;1000;0,3186408964526104;45;MCS;2021-01-04 21:10:00;5590;1
855;2;4;1275;596;Schnelllader;840;1000;0,2767145293445828;45;MCS;2021-01-04 21:15:00;5595;1
856;2;4;1275;597;Schnelllader;960;1000;0,1727591938810231;45;MCS;2021-01-04 21:15:00;5595;0
863;2;4;1305;604;Schnelllader;840;1000;0,2124963789804841;45;MCS;2021-01-04 21:45:00;5625;1
869;2;4;1345;610;Schnelllader;840;1000;0,1455441186652631;45;MCS;2021-01-04 22:25:00;5665;1
872;2;4;1360;613;Schnelllader;840;1000;0,2158814871946293;45;MCS;2021-01-04 22:40:00;5680;1
879;2;4;1400;620;Schnelllader;960;1000;0,1342978239795963;45;MCS;2021-01-04 23:20:00;5720;1
887;2;5;490;628;Schnelllader;600;1000;0,4342058687940024;45;MCS;2021-01-05 08:10:00;6250;1
890;2;5;570;631;Schnelllader;840;1000;0,3659733602444835;45;MCS;2021-01-05 09:30:00;6330;1
891;2;5;575;632;Schnelllader;720;1000;0,3462037636582852;45;MCS;2021-01-05 09:35:00;6335;1
892;2;5;580;633;Schnelllader;840;1000;0,3707499559640311;45;MCS;2021-01-05 09:40:00;6340;0
895;2;5;595;636;Schnelllader;840;1000;0,3557024424642553;45;MCS;2021-01-05 09:55:00;6355;1
901;2;5;640;642;Schnelllader;600;1000;0,4035285349837271;45;MCS;2021-01-05 10:40:00;6400;1
906;2;5;680;647;Schnelllader;840;1000;0,3195958057319357;45;MCS;2021-01-05 11:20:00;6440;1
908;2;5;695;649;Schnelllader;720;1000;0,4022154139420403;45;MCS;2021-01-05 11:35:00;6455;1
911;2;5;695;652;Schnelllader;960;1000;0,3437185891469651;45;MCS;2021-01-05 11:35:00;6455;0
913;2;5;705;654;Schnelllader;720;1000;0,3061104726733257;45;MCS;2021-01-05 11:45:00;6465;0
916;2;5;720;657;Schnelllader;720;1000;0,3779673251004313;45;MCS;2021-01-05 12:00:00;6480;0
917;2;5;725;658;Schnelllader;960;1000;0,3243201807302345;45;MCS;2021-01-05 12:05:00;6485;1
918;2;5;730;659;Schnelllader;840;1000;0,3087389717908732;45;MCS;2021-01-05 12:10:00;6490;1
923;2;5;770;664;Schnelllader;600;1000;0,3294762536013531;45;MCS;2021-01-05 12:50:00;6530;1
924;2;5;775;665;Schnelllader;840;1000;0,2832707251430936;45;MCS;2021-01-05 12:55:00;6535;1
926;2;5;780;667;Schnelllader;600;1000;0,3490691093538185;45;MCS;2021-01-05 13:00:00;6540;1
930;2;5;825;671;Schnelllader;720;1000;0,3877121870757571;45;MCS;2021-01-05 13:45:00;6585;1
932;2;5;855;673;Schnelllader;960;1000;0,2721688898894321;45;MCS;2021-01-05 14:15:00;6615;1
934;2;5;860;675;Schnelllader;600;1000;0,3916868023402136;45;MCS;2021-01-05 14:20:00;6620;1
935;2;5;875;676;Schnelllader;960;1000;0,3415458272039409;45;MCS;2021-01-05 14:35:00;6635;1
938;2;5;905;679;Schnelllader;960;1000;0,3030944852740007;45;MCS;2021-01-05 15:05:00;6665;1
940;2;5;930;681;Schnelllader;720;1000;0,3113156923049746;45;MCS;2021-01-05 15:30:00;6690;1
942;2;5;940;683;Schnelllader;960;1000;0,2661925419176419;45;MCS;2021-01-05 15:40:00;6700;0
943;2;5;945;684;Schnelllader;960;1000;0,3227228379537532;45;MCS;2021-01-05 15:45:00;6705;1
944;2;5;955;685;Schnelllader;720;1000;0,2698271795506696;45;MCS;2021-01-05 15:55:00;6715;1
945;2;5;990;686;Schnelllader;600;1000;0,4190355673524589;45;MCS;2021-01-05 16:30:00;6750;1
946;2;5;1005;687;Schnelllader;960;1000;0,2962331412253991;45;MCS;2021-01-05 16:45:00;6765;1
948;2;5;1020;689;Schnelllader;960;1000;0,2447190149600198;45;MCS;2021-01-05 17:00:00;6780;0
949;2;5;1025;690;Schnelllader;720;1000;0,3074563608325963;45;MCS;2021-01-05 17:05:00;6785;0
950;2;5;1035;691;Schnelllader;960;1000;0,2427399487617131;45;MCS;2021-01-05 17:15:00;6795;1
955;2;5;1075;696;Schnelllader;960;1000;0,2114406452329405;45;MCS;2021-01-05 17:55:00;6835;1
956;2;5;1085;697;Schnelllader;840;1000;0,2456680631638166;45;MCS;2021-01-05 18:05:00;6845;1
957;2;5;1105;698;Schnelllader;960;1000;0,25372546875267;45;MCS;2021-01-05 18:25:00;6865;0
960;2;5;1120;701;Schnelllader;960;1000;0,2187342872473923;45;MCS;2021-01-05 18:40:00;6880;1
964;2;5;1135;705;Schnelllader;840;1000;0,336784296375223;45;MCS;2021-01-05 18:55:00;6895;1
965;2;5;1135;706;Schnelllader;600;1000;0,3436311074729765;45;MCS;2021-01-05 18:55:00;6895;0
966;2;5;1135;707;Schnelllader;840;1000;0,2857921055425158;45;MCS;2021-01-05 18:55:00;6895;0
967;2;5;1135;708;Schnelllader;840;1000;0,2819791329071884;45;MCS;2021-01-05 18:55:00;6895;0
968;2;5;1140;709;Schnelllader;960;1000;0,2723991518007143;45;MCS;2021-01-05 19:00:00;6900;0
971;2;5;1150;712;Schnelllader;720;1000;0,3595797587559239;45;MCS;2021-01-05 19:10:00;6910;1
974;2;5;1175;715;Schnelllader;840;1000;0,3410696002239791;45;MCS;2021-01-05 19:35:00;6935;1
976;2;5;1195;717;Schnelllader;840;1000;0,206815161842171;45;MCS;2021-01-05 19:55:00;6955;1
979;2;5;1205;720;Schnelllader;720;1000;0,2190957487954053;45;MCS;2021-01-05 20:05:00;6965;1
981;2;5;1220;722;Schnelllader;720;1000;0,2158819192931159;45;MCS;2021-01-05 20:20:00;6980;0
983;2;5;1225;724;Schnelllader;960;1000;0,2408895987914627;45;MCS;2021-01-05 20:25:00;6985;1
984;2;5;1245;725;Schnelllader;960;1000;0,3415857189005097;45;MCS;2021-01-05 20:45:00;7005;1
989;2;5;1275;730;Schnelllader;960;1000;0,3000379086296817;45;MCS;2021-01-05 21:15:00;7035;1
991;2;5;1290;732;Schnelllader;720;1000;0,3377638587931902;45;MCS;2021-01-05 21:30:00;7050;1
993;2;5;1300;734;Schnelllader;960;1000;0,2402919277442943;45;MCS;2021-01-05 21:40:00;7060;1
1002;2;5;1345;743;Schnelllader;840;1000;0,1485100429525306;45;MCS;2021-01-05 22:25:00;7105;1
1003;2;5;1360;744;Schnelllader;960;1000;0,2778285747993478;45;MCS;2021-01-05 22:40:00;7120;1
1004;2;5;1360;745;Schnelllader;960;1000;0,2331079559134207;45;MCS;2021-01-05 22:40:00;7120;1
1007;2;5;1405;748;Schnelllader;960;1000;0,1155822597991231;45;MCS;2021-01-05 23:25:00;7165;1
1013;2;6;625;754;Schnelllader;960;1000;0,3266639884454383;45;MCS;2021-01-06 10:25:00;7825;1
1017;2;6;695;758;Schnelllader;600;1000;0,3482812965986329;45;MCS;2021-01-06 11:35:00;7895;1
1018;2;6;695;759;Schnelllader;720;1000;0,3179052591485691;45;MCS;2021-01-06 11:35:00;7895;1
1019;2;6;705;760;Schnelllader;840;1000;0,3436665877413599;45;MCS;2021-01-06 11:45:00;7905;0
1020;2;6;705;761;Schnelllader;840;1000;0,36009233297945;45;MCS;2021-01-06 11:45:00;7905;0
1022;2;6;715;763;Schnelllader;720;1000;0,3550638216931707;45;MCS;2021-01-06 11:55:00;7915;1
1026;2;6;815;767;Schnelllader;960;1000;0,3411048335905436;45;MCS;2021-01-06 13:35:00;8015;1
1027;2;6;820;768;Schnelllader;960;1000;0,3221423284310882;45;MCS;2021-01-06 13:40:00;8020;1
1029;2;6;945;770;Schnelllader;600;1000;0,2860203078359217;45;MCS;2021-01-06 15:45:00;8145;1
1031;2;6;1015;772;Schnelllader;960;1000;0,2692804055715083;45;MCS;2021-01-06 16:55:00;8215;1
1033;2;6;1040;774;Schnelllader;960;1000;0,335256430727528;45;MCS;2021-01-06 17:20:00;8240;1
1034;2;6;1045;775;Schnelllader;960;1000;0,2890303381733396;45;MCS;2021-01-06 17:25:00;8245;1
1036;2;6;1075;777;Schnelllader;960;1000;0,3210014834158971;45;MCS;2021-01-06 17:55:00;8275;1
1037;2;6;1080;778;Schnelllader;720;1000;0,2158782972663553;45;MCS;2021-01-06 18:00:00;8280;0
1039;2;6;1090;780;Schnelllader;840;1000;0,1966108323160741;45;MCS;2021-01-06 18:10:00;8290;1
1040;2;6;1100;781;Schnelllader;840;1000;0,3133463449434872;45;MCS;2021-01-06 18:20:00;8300;1
1044;2;6;1160;785;Schnelllader;960;1000;0,3397967610083535;45;MCS;2021-01-06 19:20:00;8360;1
1049;2;6;1215;790;Schnelllader;720;1000;0,3075446301453133;45;MCS;2021-01-06 20:15:00;8415;1
1052;2;6;1280;793;Schnelllader;960;1000;0,1627811608807515;45;MCS;2021-01-06 21:20:00;8480;1
1053;2;6;1280;794;Schnelllader;720;1000;0,2889070456669586;45;MCS;2021-01-06 21:20:00;8480;1
1055;2;6;1300;796;Schnelllader;840;1000;0,2158070635284869;45;MCS;2021-01-06 21:40:00;8500;1
1057;2;6;1310;798;Schnelllader;600;1000;0,1833786091382205;45;MCS;2021-01-06 21:50:00;8510;0
1058;2;6;1320;799;Schnelllader;960;1000;0,251127440111875;45;MCS;2021-01-06 22:00:00;8520;0
1059;2;6;1355;800;Schnelllader;840;1000;0,1341005093367644;45;MCS;2021-01-06 22:35:00;8555;1
1066;2;7;790;807;Schnelllader;720;1000;0,3894742379499544;45;MCS;2021-01-07 13:10:00;9430;1
1068;2;7;885;809;Schnelllader;720;1000;0,3593107629759345;45;MCS;2021-01-07 14:45:00;9525;1
1070;2;7;1185;811;Schnelllader;960;1000;0,3399528558698944;45;MCS;2021-01-07 19:45:00;9825;1
1073;2;7;1275;814;Schnelllader;840;1000;0,3182638866284623;45;MCS;2021-01-07 21:15:00;9915;1
